city_code,city,province_code,source_code,mapping_type,source_year,source_url
1101,北京市,11,110000,municipality,2023,https://www.mca.gov.cn/mzsj/xzqh/2023/202301xzqh.html
1201,天津市,12,120000,municipality,2023,https://www.mca.gov.cn/mzsj/xzqh/2023/202301xzqh.html
1301,石家庄市,13,130100,official_prefecture,2023,https://www.mca.gov.cn/mzsj/xzqh/2023/202301xzqh.html
1302,唐山市,13,130200,official_prefecture,2023,https://www.mca.gov.cn/mzsj/xzqh/2023/202301xzqh.html
1303,秦皇岛市,13,130300,official_prefecture,2023,https://www.mca.gov.cn/mzsj/xzqh/2023/202301xzqh.html
1304,邯郸市,13,130400,official_prefecture,2023,https://www.mca.gov.cn/mzsj/xzqh/2023/202301xzqh.html
1305,邢台市,13,130500,official_prefecture,2023,https://www.mca.gov.cn/mzsj/xzqh/2023/202301xzqh.html
1306,保定市,13,130600,official_prefecture,2023,https://www.mca.gov.cn/mzsj/xzqh/2023/202301xzqh.html
1307,张家口市,13,130700,official_prefecture,2023,https://www.mca.gov.cn/mzsj/xzqh/2023/202301xzqh.html
1308,承德市,13,130800,official_prefecture,2023,https://www.mca.gov.cn/mzsj/xzqh/2023/202301xzqh.html
1309,沧州市,13,130900,official_prefecture,2023,https://www.mca.gov.cn/mzsj/xzqh/2023/202301xzqh.html
1310,廊坊市,13,131000,official_prefecture,2023,https://www.mca.gov.cn/mzsj/xzqh/2023/202301xzqh.html
1311,衡水市,13,131100,official_prefecture,2023,https://www.mca.gov.cn/mzsj/xzqh/2023/202301xzqh.html
1401,太原市,14,140100,official_prefecture,2023,https://www.mca.gov.cn/mzsj/xzqh/2023/202301xzqh.html
1402,大同市,14,140200,official_prefecture,2023,https://www.mca.gov.cn/mzsj/xzqh/2023/202301xzqh.html
1403,阳泉市,14,140300,official_prefecture,2023,https://www.mca.gov.cn/mzsj/xzqh/2023/202301xzqh.html
1404,长治市,14,140400,official_prefecture,2023,https://www.mca.gov.cn/mzsj/xzqh/2023/202301xzqh.html
1405,晋城市,14,140500,official_prefecture,2023,https://www.mca.gov.cn/mzsj/xzqh/2023/202301xzqh.html
1406,朔州市,14,140600,official_prefecture,2023,https://www.mca.gov.cn/mzsj/xzqh/2023/202301xzqh.html
1407,晋中市,14,140700,official_prefecture,2023,https://www.mca.gov.cn/mzsj/xzqh/2023/202301xzqh.html
1408,运城市,14,140800,official_prefecture,2023,https://www.mca.gov.cn/mzsj/xzqh/2023/202301xzqh.html
1409,忻州市,14,140900,official_prefecture,2023,https://www.mca.gov.cn/mzsj/xzqh/2023/202301xzqh.html
1410,临汾市,14,141000,official_prefecture,2023,https://www.mca.gov.cn/mzsj/xzqh/2023/202301xzqh.html
1411,吕梁市,14,141100,official_prefecture,2023,https://www.mca.gov.cn/mzsj/xzqh/2023/202301xzqh.html
1501,呼和浩特市,15,150100,official_prefecture,2023,https://www.mca.gov.cn/mzsj/xzqh/2023/202301xzqh.html
1502,包头市,15,150200,official_prefecture,2023,https://www.mca.gov.cn/mzsj/xzqh/2023/202301xzqh.html
1503,乌海市,15,150300,official_prefecture,2023,https://www.mca.gov.cn/mzsj/xzqh/2023/202301xzqh.html
1504,赤峰市,15,150400,official_prefecture,2023,https://www.mca.gov.cn/mzsj/xzqh/2023/202301xzqh.html
1505,通辽市,15,150500,official_prefecture,2023,https://www.mca.gov.cn/mzsj/xzqh/2023/202301xzqh.html
1506,鄂尔多斯市,15,150600,official_prefecture,2023,https://www.mca.gov.cn/mzsj/xzqh/2023/202301xzqh.html
1507,呼伦贝尔市,15,150700,official_prefecture,2023,https://www.mca.gov.cn/mzsj/xzqh/2023/202301xzqh.html
1508,巴彦淖尔市,15,150800,official_prefecture,2023,https://www.mca.gov.cn/mzsj/xzqh/2023/202301xzqh.html
1509,乌兰察布市,15,150900,official_prefecture,2023,https://www.mca.gov.cn/mzsj/xzqh/2023/202301xzqh.html
1522,兴安盟,15,152200,official_prefecture,2023,https://www.mca.gov.cn/mzsj/xzqh/2023/202301xzqh.html
1525,锡林郭勒盟,15,152500,official_prefecture,2023,https://www.mca.gov.cn/mzsj/xzqh/2023/202301xzqh.html
1529,阿拉善盟,15,152900,official_prefecture,2023,https://www.mca.gov.cn/mzsj/xzqh/2023/202301xzqh.html
2101,沈阳市,21,210100,official_prefecture,2023,https://www.mca.gov.cn/mzsj/xzqh/2023/202301xzqh.html
2102,大连市,21,210200,official_prefecture,2023,https://www.mca.gov.cn/mzsj/xzqh/2023/202301xzqh.html
2103,鞍山市,21,210300,official_prefecture,2023,https://www.mca.gov.cn/mzsj/xzqh/2023/202301xzqh.html
2104,抚顺市,21,210400,official_prefecture,2023,https://www.mca.gov.cn/mzsj/xzqh/2023/202301xzqh.html
2105,本溪市,21,210500,official_prefecture,2023,https://www.mca.gov.cn/mzsj/xzqh/2023/202301xzqh.html
2106,丹东市,21,210600,official_prefecture,2023,https://www.mca.gov.cn/mzsj/xzqh/2023/202301xzqh.html
2107,锦州市,21,210700,official_prefecture,2023,https://www.mca.gov.cn/mzsj/xzqh/2023/202301xzqh.html
2108,营口市,21,210800,official_prefecture,2023,https://www.mca.gov.cn/mzsj/xzqh/2023/202301xzqh.html
2109,阜新市,21,210900,official_prefecture,2023,https://www.mca.gov.cn/mzsj/xzqh/2023/202301xzqh.html
2110,辽阳市,21,211000,official_prefecture,2023,https://www.mca.gov.cn/mzsj/xzqh/2023/202301xzqh.html
2111,盘锦市,21,211100,official_prefecture,2023,https://www.mca.gov.cn/mzsj/xzqh/2023/202301xzqh.html
2112,铁岭市,21,211200,official_prefecture,2023,https://www.mca.gov.cn/mzsj/xzqh/2023/202301xzqh.html
2113,朝阳市,21,211300,official_prefecture,2023,https://www.mca.gov.cn/mzsj/xzqh/2023/202301xzqh.html
2114,葫芦岛市,21,211400,official_prefecture,2023,https://www.mca.gov.cn/mzsj/xzqh/2023/202301xzqh.html
2201,长春市,22,220100,official_prefecture,2023,https://www.mca.gov.cn/mzsj/xzqh/2023/202301xzqh.html
2202,吉林市,22,220200,official_prefecture,2023,https://www.mca.gov.cn/mzsj/xzqh/2023/202301xzqh.html
2203,四平市,22,220300,official_prefecture,2023,https://www.mca.gov.cn/mzsj/xzqh/2023/202301xzqh.html
2204,辽源市,22,220400,official_prefecture,2023,https://www.mca.gov.cn/mzsj/xzqh/2023/202301xzqh.html
2205,通化市,22,220500,official_prefecture,2023,https://www.mca.gov.cn/mzsj/xzqh/2023/202301xzqh.html
2206,白山市,22,220600,official_prefecture,2023,https://www.mca.gov.cn/mzsj/xzqh/2023/202301xzqh.html
2207,松原市,22,220700,official_prefecture,2023,https://www.mca.gov.cn/mzsj/xzqh/2023/202301xzqh.html
2208,白城市,22,220800,official_prefecture,2023,https://www.mca.gov.cn/mzsj/xzqh/2023/202301xzqh.html
2224,延边朝鲜族自治州,22,222400,official_prefecture,2023,https://www.mca.gov.cn/mzsj/xzqh/2023/202301xzqh.html
2301,哈尔滨市,23,230100,official_prefecture,2023,https://www.mca.gov.cn/mzsj/xzqh/2023/202301xzqh.html
2302,齐齐哈尔市,23,230200,official_prefecture,2023,https://www.mca.gov.cn/mzsj/xzqh/2023/202301xzqh.html
2303,鸡西市,23,230300,official_prefecture,2023,https://www.mca.gov.cn/mzsj/xzqh/2023/202301xzqh.html
2304,鹤岗市,23,230400,official_prefecture,2023,https://www.mca.gov.cn/mzsj/xzqh/2023/202301xzqh.html
2305,双鸭山市,23,230500,official_prefecture,2023,https://www.mca.gov.cn/mzsj/xzqh/2023/202301xzqh.html
2306,大庆市,23,230600,official_prefecture,2023,https://www.mca.gov.cn/mzsj/xzqh/2023/202301xzqh.html
2307,伊春市,23,230700,official_prefecture,2023,https://www.mca.gov.cn/mzsj/xzqh/2023/202301xzqh.html
2308,佳木斯市,23,230800,official_prefecture,2023,https://www.mca.gov.cn/mzsj/xzqh/2023/202301xzqh.html
2309,七台河市,23,230900,official_prefecture,2023,https://www.mca.gov.cn/mzsj/xzqh/2023/202301xzqh.html
2310,牡丹江市,23,231000,official_prefecture,2023,https://www.mca.gov.cn/mzsj/xzqh/2023/202301xzqh.html
2311,黑河市,23,231100,official_prefecture,2023,https://www.mca.gov.cn/mzsj/xzqh/2023/202301xzqh.html
2312,绥化市,23,231200,official_prefecture,2023,https://www.mca.gov.cn/mzsj/xzqh/2023/202301xzqh.html
2327,大兴安岭地区,23,232700,official_prefecture,2023,https://www.mca.gov.cn/mzsj/xzqh/2023/202301xzqh.html
3101,上海市,31,310000,municipality,2023,https://www.mca.gov.cn/mzsj/xzqh/2023/202301xzqh.html
3201,南京市,32,320100,official_prefecture,2023,https://www.mca.gov.cn/mzsj/xzqh/2023/202301xzqh.html
3202,无锡市,32,320200,official_prefecture,2023,https://www.mca.gov.cn/mzsj/xzqh/2023/202301xzqh.html
3203,徐州市,32,320300,official_prefecture,2023,https://www.mca.gov.cn/mzsj/xzqh/2023/202301xzqh.html
3204,常州市,32,320400,official_prefecture,2023,https://www.mca.gov.cn/mzsj/xzqh/2023/202301xzqh.html
3205,苏州市,32,320500,official_prefecture,2023,https://www.mca.gov.cn/mzsj/xzqh/2023/202301xzqh.html
3206,南通市,32,320600,official_prefecture,2023,https://www.mca.gov.cn/mzsj/xzqh/2023/202301xzqh.html
3207,连云港市,32,320700,official_prefecture,2023,https://www.mca.gov.cn/mzsj/xzqh/2023/202301xzqh.html
3208,淮安市,32,320800,official_prefecture,2023,https://www.mca.gov.cn/mzsj/xzqh/2023/202301xzqh.html
3209,盐城市,32,320900,official_prefecture,2023,https://www.mca.gov.cn/mzsj/xzqh/2023/202301xzqh.html
3210,扬州市,32,321000,official_prefecture,2023,https://www.mca.gov.cn/mzsj/xzqh/2023/202301xzqh.html
3211,镇江市,32,321100,official_prefecture,2023,https://www.mca.gov.cn/mzsj/xzqh/2023/202301xzqh.html
3212,泰州市,32,321200,official_prefecture,2023,https://www.mca.gov.cn/mzsj/xzqh/2023/202301xzqh.html
3213,宿迁市,32,321300,official_prefecture,2023,https://www.mca.gov.cn/mzsj/xzqh/2023/202301xzqh.html
3301,杭州市,33,330100,official_prefecture,2023,https://www.mca.gov.cn/mzsj/xzqh/2023/202301xzqh.html
3302,宁波市,33,330200,official_prefecture,2023,https://www.mca.gov.cn/mzsj/xzqh/2023/202301xzqh.html
3303,温州市,33,330300,official_prefecture,2023,https://www.mca.gov.cn/mzsj/xzqh/2023/202301xzqh.html
3304,嘉兴市,33,330400,official_prefecture,2023,https://www.mca.gov.cn/mzsj/xzqh/2023/202301xzqh.html
3305,湖州市,33,330500,official_prefecture,2023,https://www.mca.gov.cn/mzsj/xzqh/2023/202301xzqh.html
3306,绍兴市,33,330600,official_prefecture,2023,https://www.mca.gov.cn/mzsj/xzqh/2023/202301xzqh.html
3307,金华市,33,330700,official_prefecture,2023,https://www.mca.gov.cn/mzsj/xzqh/2023/202301xzqh.html
3308,衢州市,33,330800,official_prefecture,2023,https://www.mca.gov.cn/mzsj/xzqh/2023/202301xzqh.html
3309,舟山市,33,330900,official_prefecture,2023,https://www.mca.gov.cn/mzsj/xzqh/2023/202301xzqh.html
3310,台州市,33,331000,official_prefecture,2023,https://www.mca.gov.cn/mzsj/xzqh/2023/202301xzqh.html
3311,丽水市,33,331100,official_prefecture,2023,https://www.mca.gov.cn/mzsj/xzqh/2023/202301xzqh.html
3401,合肥市,34,340100,official_prefecture,2023,https://www.mca.gov.cn/mzsj/xzqh/2023/202301xzqh.html
3402,芜湖市,34,340200,official_prefecture,2023,https://www.mca.gov.cn/mzsj/xzqh/2023/202301xzqh.html
3403,蚌埠市,34,340300,official_prefecture,2023,https://www.mca.gov.cn/mzsj/xzqh/2023/202301xzqh.html
3404,淮南市,34,340400,official_prefecture,2023,https://www.mca.gov.cn/mzsj/xzqh/2023/202301xzqh.html
3405,马鞍山市,34,340500,official_prefecture,2023,https://www.mca.gov.cn/mzsj/xzqh/2023/202301xzqh.html
3406,淮北市,34,340600,official_prefecture,2023,https://www.mca.gov.cn/mzsj/xzqh/2023/202301xzqh.html
3407,铜陵市,34,340700,official_prefecture,2023,https://www.mca.gov.cn/mzsj/xzqh/2023/202301xzqh.html
3408,安庆市,34,340800,official_prefecture,2023,https://www.mca.gov.cn/mzsj/xzqh/2023/202301xzqh.html
3410,黄山市,34,341000,official_prefecture,2023,https://www.mca.gov.cn/mzsj/xzqh/2023/202301xzqh.html
3411,滁州市,34,341100,official_prefecture,2023,https://www.mca.gov.cn/mzsj/xzqh/2023/202301xzqh.html
3412,阜阳市,34,341200,official_prefecture,2023,https://www.mca.gov.cn/mzsj/xzqh/2023/202301xzqh.html
3413,宿州市,34,341300,official_prefecture,2023,https://www.mca.gov.cn/mzsj/xzqh/2023/202301xzqh.html
3415,六安市,34,341500,official_prefecture,2023,https://www.mca.gov.cn/mzsj/xzqh/2023/202301xzqh.html
3416,亳州市,34,341600,official_prefecture,2023,https://www.mca.gov.cn/mzsj/xzqh/2023/202301xzqh.html
3417,池州市,34,341700,official_prefecture,2023,https://www.mca.gov.cn/mzsj/xzqh/2023/202301xzqh.html
3418,宣城市,34,341800,official_prefecture,2023,https://www.mca.gov.cn/mzsj/xzqh/2023/202301xzqh.html
3501,福州市,35,350100,official_prefecture,2023,https://www.mca.gov.cn/mzsj/xzqh/2023/202301xzqh.html
3502,厦门市,35,350200,official_prefecture,2023,https://www.mca.gov.cn/mzsj/xzqh/2023/202301xzqh.html
3503,莆田市,35,350300,official_prefecture,2023,https://www.mca.gov.cn/mzsj/xzqh/2023/202301xzqh.html
3504,三明市,35,350400,official_prefecture,2023,https://www.mca.gov.cn/mzsj/xzqh/2023/202301xzqh.html
3505,泉州市,35,350500,official_prefecture,2023,https://www.mca.gov.cn/mzsj/xzqh/2023/202301xzqh.html
3506,漳州市,35,350600,official_prefecture,2023,https://www.mca.gov.cn/mzsj/xzqh/2023/202301xzqh.html
3507,南平市,35,350700,official_prefecture,2023,https://www.mca.gov.cn/mzsj/xzqh/2023/202301xzqh.html
3508,龙岩市,35,350800,official_prefecture,2023,https://www.mca.gov.cn/mzsj/xzqh/2023/202301xzqh.html
3509,宁德市,35,350900,official_prefecture,2023,https://www.mca.gov.cn/mzsj/xzqh/2023/202301xzqh.html
3601,南昌市,36,360100,official_prefecture,2023,https://www.mca.gov.cn/mzsj/xzqh/2023/202301xzqh.html
3602,景德镇市,36,360200,official_prefecture,2023,https://www.mca.gov.cn/mzsj/xzqh/2023/202301xzqh.html
3603,萍乡市,36,360300,official_prefecture,2023,https://www.mca.gov.cn/mzsj/xzqh/2023/202301xzqh.html
3604,九江市,36,360400,official_prefecture,2023,https://www.mca.gov.cn/mzsj/xzqh/2023/202301xzqh.html
3605,新余市,36,360500,official_prefecture,2023,https://www.mca.gov.cn/mzsj/xzqh/2023/202301xzqh.html
3606,鹰潭市,36,360600,official_prefecture,2023,https://www.mca.gov.cn/mzsj/xzqh/2023/202301xzqh.html
3607,赣州市,36,360700,official_prefecture,2023,https://www.mca.gov.cn/mzsj/xzqh/2023/202301xzqh.html
3608,吉安市,36,360800,official_prefecture,2023,https://www.mca.gov.cn/mzsj/xzqh/2023/202301xzqh.html
3609,宜春市,36,360900,official_prefecture,2023,https://www.mca.gov.cn/mzsj/xzqh/2023/202301xzqh.html
3610,抚州市,36,361000,official_prefecture,2023,https://www.mca.gov.cn/mzsj/xzqh/2023/202301xzqh.html
3611,上饶市,36,361100,official_prefecture,2023,https://www.mca.gov.cn/mzsj/xzqh/2023/202301xzqh.html
3701,济南市,37,370100,official_prefecture,2023,https://www.mca.gov.cn/mzsj/xzqh/2023/202301xzqh.html
3702,青岛市,37,370200,official_prefecture,2023,https://www.mca.gov.cn/mzsj/xzqh/2023/202301xzqh.html
3703,淄博市,37,370300,official_prefecture,2023,https://www.mca.gov.cn/mzsj/xzqh/2023/202301xzqh.html
3704,枣庄市,37,370400,official_prefecture,2023,https://www.mca.gov.cn/mzsj/xzqh/2023/202301xzqh.html
3705,东营市,37,370500,official_prefecture,2023,https://www.mca.gov.cn/mzsj/xzqh/2023/202301xzqh.html
3706,烟台市,37,370600,official_prefecture,2023,https://www.mca.gov.cn/mzsj/xzqh/2023/202301xzqh.html
3707,潍坊市,37,370700,official_prefecture,2023,https://www.mca.gov.cn/mzsj/xzqh/2023/202301xzqh.html
3708,济宁市,37,370800,official_prefecture,2023,https://www.mca.gov.cn/mzsj/xzqh/2023/202301xzqh.html
3709,泰安市,37,370900,official_prefecture,2023,https://www.mca.gov.cn/mzsj/xzqh/2023/202301xzqh.html
3710,威海市,37,371000,official_prefecture,2023,https://www.mca.gov.cn/mzsj/xzqh/2023/202301xzqh.html
3711,日照市,37,371100,official_prefecture,2023,https://www.mca.gov.cn/mzsj/xzqh/2023/202301xzqh.html
3713,临沂市,37,371300,official_prefecture,2023,https://www.mca.gov.cn/mzsj/xzqh/2023/202301xzqh.html
3714,德州市,37,371400,official_prefecture,2023,https://www.mca.gov.cn/mzsj/xzqh/2023/202301xzqh.html
3715,聊城市,37,371500,official_prefecture,2023,https://www.mca.gov.cn/mzsj/xzqh/2023/202301xzqh.html
3716,滨州市,37,371600,official_prefecture,2023,https://www.mca.gov.cn/mzsj/xzqh/2023/202301xzqh.html
3717,菏泽市,37,371700,official_prefecture,2023,https://www.mca.gov.cn/mzsj/xzqh/2023/202301xzqh.html
4101,郑州市,41,410100,official_prefecture,2023,https://www.mca.gov.cn/mzsj/xzqh/2023/202301xzqh.html
4102,开封市,41,410200,official_prefecture,2023,https://www.mca.gov.cn/mzsj/xzqh/2023/202301xzqh.html
4103,洛阳市,41,410300,official_prefecture,2023,https://www.mca.gov.cn/mzsj/xzqh/2023/202301xzqh.html
4104,平顶山市,41,410400,official_prefecture,2023,https://www.mca.gov.cn/mzsj/xzqh/2023/202301xzqh.html
4105,安阳市,41,410500,official_prefecture,2023,https://www.mca.gov.cn/mzsj/xzqh/2023/202301xzqh.html
4106,鹤壁市,41,410600,official_prefecture,2023,https://www.mca.gov.cn/mzsj/xzqh/2023/202301xzqh.html
4107,新乡市,41,410700,official_prefecture,2023,https://www.mca.gov.cn/mzsj/xzqh/2023/202301xzqh.html
4108,焦作市,41,410800,official_prefecture,2023,https://www.mca.gov.cn/mzsj/xzqh/2023/202301xzqh.html
4109,濮阳市,41,410900,official_prefecture,2023,https://www.mca.gov.cn/mzsj/xzqh/2023/202301xzqh.html
4110,许昌市,41,411000,official_prefecture,2023,https://www.mca.gov.cn/mzsj/xzqh/2023/202301xzqh.html
4111,漯河市,41,411100,official_prefecture,2023,https://www.mca.gov.cn/mzsj/xzqh/2023/202301xzqh.html
4112,三门峡市,41,411200,official_prefecture,2023,https://www.mca.gov.cn/mzsj/xzqh/2023/202301xzqh.html
4113,南阳市,41,411300,official_prefecture,2023,https://www.mca.gov.cn/mzsj/xzqh/2023/202301xzqh.html
4114,商丘市,41,411400,official_prefecture,2023,https://www.mca.gov.cn/mzsj/xzqh/2023/202301xzqh.html
4115,信阳市,41,411500,official_prefecture,2023,https://www.mca.gov.cn/mzsj/xzqh/2023/202301xzqh.html
4116,周口市,41,411600,official_prefecture,2023,https://www.mca.gov.cn/mzsj/xzqh/2023/202301xzqh.html
4117,驻马店市,41,411700,official_prefecture,2023,https://www.mca.gov.cn/mzsj/xzqh/2023/202301xzqh.html
4190,河南省直辖县级行政区划,41,410000,province_direct,2023,https://www.mca.gov.cn/mzsj/xzqh/2023/202301xzqh.html
4201,武汉市,42,420100,official_prefecture,2023,https://www.mca.gov.cn/mzsj/xzqh/2023/202301xzqh.html
4202,黄石市,42,420200,official_prefecture,2023,https://www.mca.gov.cn/mzsj/xzqh/2023/202301xzqh.html
4203,十堰市,42,420300,official_prefecture,2023,https://www.mca.gov.cn/mzsj/xzqh/2023/202301xzqh.html
4205,宜昌市,42,420500,official_prefecture,2023,https://www.mca.gov.cn/mzsj/xzqh/2023/202301xzqh.html
4206,襄阳市,42,420600,official_prefecture,2023,https://www.mca.gov.cn/mzsj/xzqh/2023/202301xzqh.html
4207,鄂州市,42,420700,official_prefecture,2023,https://www.mca.gov.cn/mzsj/xzqh/2023/202301xzqh.html
4208,荆门市,42,420800,official_prefecture,2023,https://www.mca.gov.cn/mzsj/xzqh/2023/202301xzqh.html
4209,孝感市,42,420900,official_prefecture,2023,https://www.mca.gov.cn/mzsj/xzqh/2023/202301xzqh.html
4210,荆州市,42,421000,official_prefecture,2023,https://www.mca.gov.cn/mzsj/xzqh/2023/202301xzqh.html
4211,黄冈市,42,421100,official_prefecture,2023,https://www.mca.gov.cn/mzsj/xzqh/2023/202301xzqh.html
4212,咸宁市,42,421200,official_prefecture,2023,https://www.mca.gov.cn/mzsj/xzqh/2023/202301xzqh.html
4213,随州市,42,421300,official_prefecture,2023,https://www.mca.gov.cn/mzsj/xzqh/2023/202301xzqh.html
4228,恩施土家族苗族自治州,42,422800,official_prefecture,2023,https://www.mca.gov.cn/mzsj/xzqh/2023/202301xzqh.html
4290,湖北省直辖县级行政区划,42,420000,province_direct,2023,https://www.mca.gov.cn/mzsj/xzqh/2023/202301xzqh.html
4301,长沙市,43,430100,official_prefecture,2023,https://www.mca.gov.cn/mzsj/xzqh/2023/202301xzqh.html
4302,株洲市,43,430200,official_prefecture,2023,https://www.mca.gov.cn/mzsj/xzqh/2023/202301xzqh.html
4303,湘潭市,43,430300,official_prefecture,2023,https://www.mca.gov.cn/mzsj/xzqh/2023/202301xzqh.html
4304,衡阳市,43,430400,official_prefecture,2023,https://www.mca.gov.cn/mzsj/xzqh/2023/202301xzqh.html
4305,邵阳市,43,430500,official_prefecture,2023,https://www.mca.gov.cn/mzsj/xzqh/2023/202301xzqh.html
4306,岳阳市,43,430600,official_prefecture,2023,https://www.mca.gov.cn/mzsj/xzqh/2023/202301xzqh.html
4307,常德市,43,430700,official_prefecture,2023,https://www.mca.gov.cn/mzsj/xzqh/2023/202301xzqh.html
4308,张家界市,43,430800,official_prefecture,2023,https://www.mca.gov.cn/mzsj/xzqh/2023/202301xzqh.html
4309,益阳市,43,430900,official_prefecture,2023,https://www.mca.gov.cn/mzsj/xzqh/2023/202301xzqh.html
4310,郴州市,43,431000,official_prefecture,2023,https://www.mca.gov.cn/mzsj/xzqh/2023/202301xzqh.html
4311,永州市,43,431100,official_prefecture,2023,https://www.mca.gov.cn/mzsj/xzqh/2023/202301xzqh.html
4312,怀化市,43,431200,official_prefecture,2023,https://www.mca.gov.cn/mzsj/xzqh/2023/202301xzqh.html
4313,娄底市,43,431300,official_prefecture,2023,https://www.mca.gov.cn/mzsj/xzqh/2023/202301xzqh.html
4331,湘西土家族苗族自治州,43,433100,official_prefecture,2023,https://www.mca.gov.cn/mzsj/xzqh/2023/202301xzqh.html
4401,广州市,44,440100,official_prefecture,2023,https://www.mca.gov.cn/mzsj/xzqh/2023/202301xzqh.html
4402,韶关市,44,440200,official_prefecture,2023,https://www.mca.gov.cn/mzsj/xzqh/2023/202301xzqh.html
4403,深圳市,44,440300,official_prefecture,2023,https://www.mca.gov.cn/mzsj/xzqh/2023/202301xzqh.html
4404,珠海市,44,440400,official_prefecture,2023,https://www.mca.gov.cn/mzsj/xzqh/2023/202301xzqh.html
4405,汕头市,44,440500,official_prefecture,2023,https://www.mca.gov.cn/mzsj/xzqh/2023/202301xzqh.html
4406,佛山市,44,440600,official_prefecture,2023,https://www.mca.gov.cn/mzsj/xzqh/2023/202301xzqh.html
4407,江门市,44,440700,official_prefecture,2023,https://www.mca.gov.cn/mzsj/xzqh/2023/202301xzqh.html
4408,湛江市,44,440800,official_prefecture,2023,https://www.mca.gov.cn/mzsj/xzqh/2023/202301xzqh.html
4409,茂名市,44,440900,official_prefecture,2023,https://www.mca.gov.cn/mzsj/xzqh/2023/202301xzqh.html
4412,肇庆市,44,441200,official_prefecture,2023,https://www.mca.gov.cn/mzsj/xzqh/2023/202301xzqh.html
4413,惠州市,44,441300,official_prefecture,2023,https://www.mca.gov.cn/mzsj/xzqh/2023/202301xzqh.html
4414,梅州市,44,441400,official_prefecture,2023,https://www.mca.gov.cn/mzsj/xzqh/2023/202301xzqh.html
4415,汕尾市,44,441500,official_prefecture,2023,https://www.mca.gov.cn/mzsj/xzqh/2023/202301xzqh.html
4416,河源市,44,441600,official_prefecture,2023,https://www.mca.gov.cn/mzsj/xzqh/2023/202301xzqh.html
4417,阳江市,44,441700,official_prefecture,2023,https://www.mca.gov.cn/mzsj/xzqh/2023/202301xzqh.html
4418,清远市,44,441800,official_prefecture,2023,https://www.mca.gov.cn/mzsj/xzqh/2023/202301xzqh.html
4419,东莞市,44,441900,official_prefecture,2023,https://www.mca.gov.cn/mzsj/xzqh/2023/202301xzqh.html
4420,中山市,44,442000,official_prefecture,2023,https://www.mca.gov.cn/mzsj/xzqh/2023/202301xzqh.html
4451,潮州市,44,445100,official_prefecture,2023,https://www.mca.gov.cn/mzsj/xzqh/2023/202301xzqh.html
4452,揭阳市,44,445200,official_prefecture,2023,https://www.mca.gov.cn/mzsj/xzqh/2023/202301xzqh.html
4453,云浮市,44,445300,official_prefecture,2023,https://www.mca.gov.cn/mzsj/xzqh/2023/202301xzqh.html
4501,南宁市,45,450100,official_prefecture,2023,https://www.mca.gov.cn/mzsj/xzqh/2023/202301xzqh.html
4502,柳州市,45,450200,official_prefecture,2023,https://www.mca.gov.cn/mzsj/xzqh/2023/202301xzqh.html
4503,桂林市,45,450300,official_prefecture,2023,https://www.mca.gov.cn/mzsj/xzqh/2023/202301xzqh.html
4504,梧州市,45,450400,official_prefecture,2023,https://www.mca.gov.cn/mzsj/xzqh/2023/202301xzqh.html
4505,北海市,45,450500,official_prefecture,2023,https://www.mca.gov.cn/mzsj/xzqh/2023/202301xzqh.html
4506,防城港市,45,450600,official_prefecture,2023,https://www.mca.gov.cn/mzsj/xzqh/2023/202301xzqh.html
4507,钦州市,45,450700,official_prefecture,2023,https://www.mca.gov.cn/mzsj/xzqh/2023/202301xzqh.html
4508,贵港市,45,450800,official_prefecture,2023,https://www.mca.gov.cn/mzsj/xzqh/2023/202301xzqh.html
4509,玉林市,45,450900,official_prefecture,2023,https://www.mca.gov.cn/mzsj/xzqh/2023/202301xzqh.html
4510,百色市,45,451000,official_prefecture,2023,https://www.mca.gov.cn/mzsj/xzqh/2023/202301xzqh.html
4511,贺州市,45,451100,official_prefecture,2023,https://www.mca.gov.cn/mzsj/xzqh/2023/202301xzqh.html
4512,河池市,45,451200,official_prefecture,2023,https://www.mca.gov.cn/mzsj/xzqh/2023/202301xzqh.html
4513,来宾市,45,451300,official_prefecture,2023,https://www.mca.gov.cn/mzsj/xzqh/2023/202301xzqh.html
4514,崇左市,45,451400,official_prefecture,2023,https://www.mca.gov.cn/mzsj/xzqh/2023/202301xzqh.html
4601,海口市,46,460100,official_prefecture,2023,https://www.mca.gov.cn/mzsj/xzqh/2023/202301xzqh.html
4602,三亚市,46,460200,official_prefecture,2023,https://www.mca.gov.cn/mzsj/xzqh/2023/202301xzqh.html
4603,三沙市,46,460300,official_prefecture,2023,https://www.mca.gov.cn/mzsj/xzqh/2023/202301xzqh.html
4604,儋州市,46,460400,official_prefecture,2023,https://www.mca.gov.cn/mzsj/xzqh/2023/202301xzqh.html
4690,海南省直辖县级行政区划,46,460000,province_direct,2023,https://www.mca.gov.cn/mzsj/xzqh/2023/202301xzqh.html
5001,重庆市,50,500000,municipality,2023,https://www.mca.gov.cn/mzsj/xzqh/2023/202301xzqh.html
5002,重庆市,50,500000,municipality,2023,https://www.mca.gov.cn/mzsj/xzqh/2023/202301xzqh.html
5101,成都市,51,510100,official_prefecture,2023,https://www.mca.gov.cn/mzsj/xzqh/2023/202301xzqh.html
5103,自贡市,51,510300,official_prefecture,2023,https://www.mca.gov.cn/mzsj/xzqh/2023/202301xzqh.html
5104,攀枝花市,51,510400,official_prefecture,2023,https://www.mca.gov.cn/mzsj/xzqh/2023/202301xzqh.html
5105,泸州市,51,510500,official_prefecture,2023,https://www.mca.gov.cn/mzsj/xzqh/2023/202301xzqh.html
5106,德阳市,51,510600,official_prefecture,2023,https://www.mca.gov.cn/mzsj/xzqh/2023/202301xzqh.html
5107,绵阳市,51,510700,official_prefecture,2023,https://www.mca.gov.cn/mzsj/xzqh/2023/202301xzqh.html
5108,广元市,51,510800,official_prefecture,2023,https://www.mca.gov.cn/mzsj/xzqh/2023/202301xzqh.html
5109,遂宁市,51,510900,official_prefecture,2023,https://www.mca.gov.cn/mzsj/xzqh/2023/202301xzqh.html
5110,内江市,51,511000,official_prefecture,2023,https://www.mca.gov.cn/mzsj/xzqh/2023/202301xzqh.html
5111,乐山市,51,511100,official_prefecture,2023,https://www.mca.gov.cn/mzsj/xzqh/2023/202301xzqh.html
5113,南充市,51,511300,official_prefecture,2023,https://www.mca.gov.cn/mzsj/xzqh/2023/202301xzqh.html
5114,眉山市,51,511400,official_prefecture,2023,https://www.mca.gov.cn/mzsj/xzqh/2023/202301xzqh.html
5115,宜宾市,51,511500,official_prefecture,2023,https://www.mca.gov.cn/mzsj/xzqh/2023/202301xzqh.html
5116,广安市,51,511600,official_prefecture,2023,https://www.mca.gov.cn/mzsj/xzqh/2023/202301xzqh.html
5117,达州市,51,511700,official_prefecture,2023,https://www.mca.gov.cn/mzsj/xzqh/2023/202301xzqh.html
5118,雅安市,51,511800,official_prefecture,2023,https://www.mca.gov.cn/mzsj/xzqh/2023/202301xzqh.html
5119,巴中市,51,511900,official_prefecture,2023,https://www.mca.gov.cn/mzsj/xzqh/2023/202301xzqh.html
5120,资阳市,51,512000,official_prefecture,2023,https://www.mca.gov.cn/mzsj/xzqh/2023/202301xzqh.html
5132,阿坝藏族羌族自治州,51,513200,official_prefecture,2023,https://www.mca.gov.cn/mzsj/xzqh/2023/202301xzqh.html
5133,甘孜藏族自治州,51,513300,official_prefecture,2023,https://www.mca.gov.cn/mzsj/xzqh/2023/202301xzqh.html
5134,凉山彝族自治州,51,513400,official_prefecture,2023,https://www.mca.gov.cn/mzsj/xzqh/2023/202301xzqh.html
5201,贵阳市,52,520100,official_prefecture,2023,https://www.mca.gov.cn/mzsj/xzqh/2023/202301xzqh.html
5202,六盘水市,52,520200,official_prefecture,2023,https://www.mca.gov.cn/mzsj/xzqh/2023/202301xzqh.html
5203,遵义市,52,520300,official_prefecture,2023,https://www.mca.gov.cn/mzsj/xzqh/2023/202301xzqh.html
5204,安顺市,52,520400,official_prefecture,2023,https://www.mca.gov.cn/mzsj/xzqh/2023/202301xzqh.html
5205,毕节市,52,520500,official_prefecture,2023,https://www.mca.gov.cn/mzsj/xzqh/2023/202301xzqh.html
5206,铜仁市,52,520600,official_prefecture,2023,https://www.mca.gov.cn/mzsj/xzqh/2023/202301xzqh.html
5223,黔西南布依族苗族自治州,52,522300,official_prefecture,2023,https://www.mca.gov.cn/mzsj/xzqh/2023/202301xzqh.html
5226,黔东南苗族侗族自治州,52,522600,official_prefecture,2023,https://www.mca.gov.cn/mzsj/xzqh/2023/202301xzqh.html
5227,黔南布依族苗族自治州,52,522700,official_prefecture,2023,https://www.mca.gov.cn/mzsj/xzqh/2023/202301xzqh.html
5301,昆明市,53,530100,official_prefecture,2023,https://www.mca.gov.cn/mzsj/xzqh/2023/202301xzqh.html
5303,曲靖市,53,530300,official_prefecture,2023,https://www.mca.gov.cn/mzsj/xzqh/2023/202301xzqh.html
5304,玉溪市,53,530400,official_prefecture,2023,https://www.mca.gov.cn/mzsj/xzqh/2023/202301xzqh.html
5305,保山市,53,530500,official_prefecture,2023,https://www.mca.gov.cn/mzsj/xzqh/2023/202301xzqh.html
5306,昭通市,53,530600,official_prefecture,2023,https://www.mca.gov.cn/mzsj/xzqh/2023/202301xzqh.html
5307,丽江市,53,530700,official_prefecture,2023,https://www.mca.gov.cn/mzsj/xzqh/2023/202301xzqh.html
5308,普洱市,53,530800,official_prefecture,2023,https://www.mca.gov.cn/mzsj/xzqh/2023/202301xzqh.html
5309,临沧市,53,530900,official_prefecture,2023,https://www.mca.gov.cn/mzsj/xzqh/2023/202301xzqh.html
5323,楚雄彝族自治州,53,532300,official_prefecture,2023,https://www.mca.gov.cn/mzsj/xzqh/2023/202301xzqh.html
5325,红河哈尼族彝族自治州,53,532500,official_prefecture,2023,https://www.mca.gov.cn/mzsj/xzqh/2023/202301xzqh.html
5326,文山壮族苗族自治州,53,532600,official_prefecture,2023,https://www.mca.gov.cn/mzsj/xzqh/2023/202301xzqh.html
5328,西双版纳傣族自治州,53,532800,official_prefecture,2023,https://www.mca.gov.cn/mzsj/xzqh/2023/202301xzqh.html
5329,大理白族自治州,53,532900,official_prefecture,2023,https://www.mca.gov.cn/mzsj/xzqh/2023/202301xzqh.html
5331,德宏傣族景颇族自治州,53,533100,official_prefecture,2023,https://www.mca.gov.cn/mzsj/xzqh/2023/202301xzqh.html
5333,怒江傈僳族自治州,53,533300,official_prefecture,2023,https://www.mca.gov.cn/mzsj/xzqh/2023/202301xzqh.html
5334,迪庆藏族自治州,53,533400,official_prefecture,2023,https://www.mca.gov.cn/mzsj/xzqh/2023/202301xzqh.html
5401,拉萨市,54,540100,official_prefecture,2023,https://www.mca.gov.cn/mzsj/xzqh/2023/202301xzqh.html
5402,日喀则市,54,540200,official_prefecture,2023,https://www.mca.gov.cn/mzsj/xzqh/2023/202301xzqh.html
5403,昌都市,54,540300,official_prefecture,2023,https://www.mca.gov.cn/mzsj/xzqh/2023/202301xzqh.html
5404,林芝市,54,540400,official_prefecture,2023,https://www.mca.gov.cn/mzsj/xzqh/2023/202301xzqh.html
5405,山南市,54,540500,official_prefecture,2023,https://www.mca.gov.cn/mzsj/xzqh/2023/202301xzqh.html
5406,那曲市,54,540600,official_prefecture,2023,https://www.mca.gov.cn/mzsj/xzqh/2023/202301xzqh.html
5425,阿里地区,54,542500,official_prefecture,2023,https://www.mca.gov.cn/mzsj/xzqh/2023/202301xzqh.html
6101,西安市,61,610100,official_prefecture,2023,https://www.mca.gov.cn/mzsj/xzqh/2023/202301xzqh.html
6102,铜川市,61,610200,official_prefecture,2023,https://www.mca.gov.cn/mzsj/xzqh/2023/202301xzqh.html
6103,宝鸡市,61,610300,official_prefecture,2023,https://www.mca.gov.cn/mzsj/xzqh/2023/202301xzqh.html
6104,咸阳市,61,610400,official_prefecture,2023,https://www.mca.gov.cn/mzsj/xzqh/2023/202301xzqh.html
6105,渭南市,61,610500,official_prefecture,2023,https://www.mca.gov.cn/mzsj/xzqh/2023/202301xzqh.html
6106,延安市,61,610600,official_prefecture,2023,https://www.mca.gov.cn/mzsj/xzqh/2023/202301xzqh.html
6107,汉中市,61,610700,official_prefecture,2023,https://www.mca.gov.cn/mzsj/xzqh/2023/202301xzqh.html
6108,榆林市,61,610800,official_prefecture,2023,https://www.mca.gov.cn/mzsj/xzqh/2023/202301xzqh.html
6109,安康市,61,610900,official_prefecture,2023,https://www.mca.gov.cn/mzsj/xzqh/2023/202301xzqh.html
6110,商洛市,61,611000,official_prefecture,2023,https://www.mca.gov.cn/mzsj/xzqh/2023/202301xzqh.html
6201,兰州市,62,620100,official_prefecture,2023,https://www.mca.gov.cn/mzsj/xzqh/2023/202301xzqh.html
6202,嘉峪关市,62,620200,official_prefecture,2023,https://www.mca.gov.cn/mzsj/xzqh/2023/202301xzqh.html
6203,金昌市,62,620300,official_prefecture,2023,https://www.mca.gov.cn/mzsj/xzqh/2023/202301xzqh.html
6204,白银市,62,620400,official_prefecture,2023,https://www.mca.gov.cn/mzsj/xzqh/2023/202301xzqh.html
6205,天水市,62,620500,official_prefecture,2023,https://www.mca.gov.cn/mzsj/xzqh/2023/202301xzqh.html
6206,武威市,62,620600,official_prefecture,2023,https://www.mca.gov.cn/mzsj/xzqh/2023/202301xzqh.html
6207,张掖市,62,620700,official_prefecture,2023,https://www.mca.gov.cn/mzsj/xzqh/2023/202301xzqh.html
6208,平凉市,62,620800,official_prefecture,2023,https://www.mca.gov.cn/mzsj/xzqh/2023/202301xzqh.html
6209,酒泉市,62,620900,official_prefecture,2023,https://www.mca.gov.cn/mzsj/xzqh/2023/202301xzqh.html
6210,庆阳市,62,621000,official_prefecture,2023,https://www.mca.gov.cn/mzsj/xzqh/2023/202301xzqh.html
6211,定西市,62,621100,official_prefecture,2023,https://www.mca.gov.cn/mzsj/xzqh/2023/202301xzqh.html
6212,陇南市,62,621200,official_prefecture,2023,https://www.mca.gov.cn/mzsj/xzqh/2023/202301xzqh.html
6229,临夏回族自治州,62,622900,official_prefecture,2023,https://www.mca.gov.cn/mzsj/xzqh/2023/202301xzqh.html
6230,甘南藏族自治州,62,623000,official_prefecture,2023,https://www.mca.gov.cn/mzsj/xzqh/2023/202301xzqh.html
6297,甘肃省特殊区域,62,620000,special_region,2023,https://www.mca.gov.cn/mzsj/xzqh/2023/202301xzqh.html
6298,甘肃省特殊区域,62,620000,special_region,2023,https://www.mca.gov.cn/mzsj/xzqh/2023/202301xzqh.html
6299,甘肃省特殊区域,62,620000,special_region,2023,https://www.mca.gov.cn/mzsj/xzqh/2023/202301xzqh.html
6301,西宁市,63,630100,official_prefecture,2023,https://www.mca.gov.cn/mzsj/xzqh/2023/202301xzqh.html
6302,海东市,63,630200,official_prefecture,2023,https://www.mca.gov.cn/mzsj/xzqh/2023/202301xzqh.html
6322,海北藏族自治州,63,632200,official_prefecture,2023,https://www.mca.gov.cn/mzsj/xzqh/2023/202301xzqh.html
6323,黄南藏族自治州,63,632300,official_prefecture,2023,https://www.mca.gov.cn/mzsj/xzqh/2023/202301xzqh.html
6325,海南藏族自治州,63,632500,official_prefecture,2023,https://www.mca.gov.cn/mzsj/xzqh/2023/202301xzqh.html
6326,果洛藏族自治州,63,632600,official_prefecture,2023,https://www.mca.gov.cn/mzsj/xzqh/2023/202301xzqh.html
6327,玉树藏族自治州,63,632700,official_prefecture,2023,https://www.mca.gov.cn/mzsj/xzqh/2023/202301xzqh.html
6328,海西蒙古族藏族自治州,63,632800,official_prefecture,2023,https://www.mca.gov.cn/mzsj/xzqh/2023/202301xzqh.html
6401,银川市,64,640100,official_prefecture,2023,https://www.mca.gov.cn/mzsj/xzqh/2023/202301xzqh.html
6402,石嘴山市,64,640200,official_prefecture,2023,https://www.mca.gov.cn/mzsj/xzqh/2023/202301xzqh.html
6403,吴忠市,64,640300,official_prefecture,2023,https://www.mca.gov.cn/mzsj/xzqh/2023/202301xzqh.html
6404,固原市,64,640400,official_prefecture,2023,https://www.mca.gov.cn/mzsj/xzqh/2023/202301xzqh.html
6405,中卫市,64,640500,official_prefecture,2023,https://www.mca.gov.cn/mzsj/xzqh/2023/202301xzqh.html
6501,乌鲁木齐市,65,650100,official_prefecture,2023,https://www.mca.gov.cn/mzsj/xzqh/2023/202301xzqh.html
6502,克拉玛依市,65,650200,official_prefecture,2023,https://www.mca.gov.cn/mzsj/xzqh/2023/202301xzqh.html
6504,吐鲁番市,65,650400,official_prefecture,2023,https://www.mca.gov.cn/mzsj/xzqh/2023/202301xzqh.html
6505,哈密市,65,650500,official_prefecture,2023,https://www.mca.gov.cn/mzsj/xzqh/2023/202301xzqh.html
6523,昌吉回族自治州,65,652300,official_prefecture,2023,https://www.mca.gov.cn/mzsj/xzqh/2023/202301xzqh.html
6527,博尔塔拉蒙古自治州,65,652700,official_prefecture,2023,https://www.mca.gov.cn/mzsj/xzqh/2023/202301xzqh.html
6528,巴音郭楞蒙古自治州,65,652800,official_prefecture,2023,https://www.mca.gov.cn/mzsj/xzqh/2023/202301xzqh.html
6529,阿克苏地区,65,652900,official_prefecture,2023,https://www.mca.gov.cn/mzsj/xzqh/2023/202301xzqh.html
6530,克孜勒苏柯尔克孜自治州,65,653000,official_prefecture,2023,https://www.mca.gov.cn/mzsj/xzqh/2023/202301xzqh.html
6531,喀什地区,65,653100,official_prefecture,2023,https://www.mca.gov.cn/mzsj/xzqh/2023/202301xzqh.html
6532,和田地区,65,653200,official_prefecture,2023,https://www.mca.gov.cn/mzsj/xzqh/2023/202301xzqh.html
6540,伊犁哈萨克自治州,65,654000,official_prefecture,2023,https://www.mca.gov.cn/mzsj/xzqh/2023/202301xzqh.html
6542,塔城地区,65,654200,official_prefecture,2023,https://www.mca.gov.cn/mzsj/xzqh/2023/202301xzqh.html
6543,阿勒泰地区,65,654300,official_prefecture,2023,https://www.mca.gov.cn/mzsj/xzqh/2023/202301xzqh.html
6590,新疆维吾尔自治区直辖县级行政区划,65,650000,province_direct,2023,https://www.mca.gov.cn/mzsj/xzqh/2023/202301xzqh.html
7100,台湾省,71,710000,special_region,2023,https://www.mca.gov.cn/mzsj/xzqh/2023/202301xzqh.html
8101,香港特别行政区,81,810000,special_region,2023,https://www.mca.gov.cn/mzsj/xzqh/2023/202301xzqh.html
8200,澳门特别行政区,82,820000,special_region,2023,https://www.mca.gov.cn/mzsj/xzqh/2023/202301xzqh.html
