county_code,pop_total,pop_density,year
420704,712630,1156.1628,2024
522730,193128,127.1918,2024
420703,239387,505.9126,2024
420702,153736,311.3676,2024
440311,834729,5310.4996,2024
610117,430521,1497.1589,2024
522732,299465,126.2211,2024
440310,428956,2587.6196,2024
610118,593209,463.3443,2024
522731,364961,147.6455,2024
610115,709881,773.3447,2024
610116,1138031,711.886,2024
610113,1270568,8398.3625,2024
610114,286490,1194.2511,2024
532532,101474,77.0517,2024
532531,235032,75.9214,2024
532530,376269,105.8068,2024
450123,315824,137.1869,2024
450125,364294,195.272,2024
450124,415320,177.5613,2024
511603,257772,510.7906,2024
211303,156835,246.6102,2024
211302,561952,1112.3215,2024
410902,796720,1988.8575,2024
511602,897275,873.3684,2024
610111,615736,1888.4133,2024
610112,859944,3283.4524,2024
450126,827300,358.8686,2024
341802,803403,310.7462,2024
430511,109766,1303.5745,2024
440785,532864,314.1119,2024
440784,546744,506.198,2024
440783,723920,437.0068,2024
222424,272152,30.8644,2024
610104,757864,19957.6185,2024
440781,988805,312.3166,2024
610102,576174,19087.5799,2024
610103,682142,29827.1023,2024
440309,1232708,7050.532,2024
222426,240067,32.2682,2024
440308,190112,2543.5358,2024
440307,2034058,2996.0062,2024
440306,2672976,7309.0798,2024
440305,1119703,6484.1842,2024
440304,1377524,18700.2412,2024
440303,962887,12239.1877,2024
430503,358000,1673.4191,2024
430502,321123,2363.4004,2024
130227,414457,284.0256,2024
130224,620044,538.2851,2024
130225,559560,388.386,2024
130229,722681,630.665,2024
371681,831083,660.9399,2024
430981,715680,336.5264,2024
610582,275053,406.7783,2024
610581,418762,262.0098,2024
441622,734429,239.0351,2024
441621,679306,186.9835,2024
441625,457972,114.1439,2024
533401,183922,16.0611,2024
441624,398918,175.21,2024
441623,352884,156.5112,2024
511621,827773,553.7141,2024
511622,631868,655.8986,2024
511623,752263,393.7418,2024
220221,418022,159.2398,2024
520102,874792,4200.6577,2024
520103,1094449,11742.3689,2024
222402,158246,139.5064,2024
222403,513418,43.6211,2024
610124,590865,200.4059,2024
222401,647817,379.5708,2024
222406,198863,39.3736,2024
451481,119314,187.1641,2024
222404,242157,46.6009,2024
222405,140187,63.2707,2024
510781,808894,297.0998,2024
451003,331973,139.877,2024
130204,376230,1517.8874,2024
451002,396895,106.4401,2024
130205,280039,1141.8272,2024
530381,1379457,228.4062,2024
510302,319046,2055.0197,2024
130202,244843,1218.0474,2024
130203,862571,5272.2605,2024
510304,450548,1124.9806,2024
130208,877442,721.2769,2024
510303,309497,759.4093,2024
210423,308507,78.8659,2024
130209,192362,135.0958,2024
210422,268516,62.7513,2024
210421,172810,101.9119,2024
130207,657117,504.3873,2024
610122,545624,271.9719,2024
130681,657957,878.9766,2024
130684,683742,1015.9789,2024
520581,749019,292.6743,2024
130682,1227728,957.7718,2024
130683,393972,812.1407,2024
360113,414714,1032.6626,2024
330703,338273,512.9048,2024
360111,697023,5260.652,2024
360112,940010,444.2978,2024
441602,500962,1384.5441,2024
330702,806128,580.1938,2024
320904,751920,277.5674,2024
540124,33870,20.8276,2024
611002,563768,213.1536,2024
320902,950876,945.715,2024
320903,759203,723.2765,2024
540127,47212,8.5913,2024
540121,53818,12.055,2024
540122,49366,4.8246,2024
540123,29725,9.091,2024
220284,536109,138.7759,2024
520521,815754,233.3712,2024
522701,470942,205.8654,2024
520523,594577,236.1204,2024
360124,733837,376.6039,2024
520524,836626,291.6783,2024
350322,879654,478.3347,2024
520525,718012,292.443,2024
522702,301233,178.1851,2024
532504,561350,143.487,2024
530325,766237,235.387,2024
520526,1341916,212.2298,2024
360123,192417,291.9122,2024
532503,445460,204.9604,2024
530326,963008,163.8267,2024
520527,688593,212.87,2024
623001,95731,45.8303,2024
532502,342597,176.5406,2024
530323,420347,150.6825,2024
360121,1080272,597.6744,2024
532501,489607,314.1821,2024
530324,583524,193.4827,2024
530322,657582,330.5596,2024
451024,316838,122.957,2024
451027,197919,96.6241,2024
451026,164780,73.3717,2024
510723,442929,268.9304,2024
340521,483970,496.5627,2024
451022,377515,134.1181,2024
510722,1108125,417.2056,2024
510727,181408,30.563,2024
510725,321856,222.9005,2024
340522,396876,386.0989,2024
510726,269649,87.4051,2024
340523,487219,370.944,2024
451029,241257,43.8953,2024
220281,475090,74.6665,2024
451028,159565,60.3604,2024
220283,686350,151.3381,2024
220282,473181,72.5464,2024
611026,163420,69.2482,2024
450181,916298,265.8983,2024
330726,463034,504.4089,2024
330727,186316,155.7228,2024
451030,145585,49.4424,2024
130628,362824,733.7637,2024
130629,271965,877.0233,2024
330723,379809,241.9631,2024
140430,180930,136.9152,2024
140431,168154,66.0023,2024
211322,536321,109.986,2024
130633,573168,225.8707,2024
211321,478857,127.4077,2024
130634,611374,571.8233,2024
130631,267547,738.8611,2024
130632,457227,629.8261,2024
130637,265135,803.0247,2024
451031,363370,102.8004,2024
130638,373942,724.3087,2024
211324,383445,171.9025,2024
130635,534782,819.5611,2024
130636,314743,441.1854,2024
140429,196097,121.7703,2024
341823,318057,156.4653,2024
611025,294129,84.4833,2024
611024,447202,126.8411,2024
320924,956936,389.3736,2024
341821,342073,310.6909,2024
611023,235131,102.3717,2024
320925,787442,680.0146,2024
611022,313090,129.8352,2024
320922,1016480,547.8693,2024
611021,468913,165.6347,2024
320923,894753,622.8154,2024
130630,276276,112.9303,2024
341825,126073,139.0813,2024
320921,543791,398.1026,2024
341824,166642,150.9149,2024
350781,292302,102.3099,2024
360104,340537,9349.9784,2024
522723,245641,150.991,2024
350782,249381,88.6036,2024
532529,315551,155.5146,2024
522722,153829,64.0784,2024
350783,481066,114.6416,2024
360102,391998,7332.2513,2024
532528,417046,188.3562,2024
522725,404712,206.061,2024
360103,567099,16278.9896,2024
532527,425222,258.3875,2024
522727,243365,87.0942,2024
350302,425442,882.1248,2024
532525,317576,104.3447,2024
522726,283408,115.7441,2024
350303,502573,653.5786,2024
532524,562444,148.7391,2024
522729,204947,132.1567,2024
350304,530048,1902.2719,2024
532523,162779,88.3422,2024
522728,272841,91.0937,2024
350305,575083,1016.3993,2024
430921,771943,583.7972,2024
430923,953011,192.7515,2024
430922,817954,395.9267,2024
340503,450908,2398.5143,2024
340506,184499,474.303,2024
340504,340745,1945.4228,2024
460322,2461,0.4753,2024
460321,910,1.025,2024
130608,671939,784.062,2024
130609,599716,828.5327,2024
130606,719197,4085.6621,2024
130607,429118,653.5286,2024
420304,592563,154.7489,2024
420303,434339,660.5994,2024
420302,393799,733.7164,2024
511681,294836,636.7132,2024
150221,293646,126.5518,2024
450521,917933,378.0663,2024
410505,475620,2503.5342,2024
410506,240985,1023.63,2024
410503,316582,3427.7744,2024
430112,583375,614.2006,2024
410502,386465,3407.4497,2024
430111,852867,2906.3422,2024
150222,186137,38.1492,2024
150223,107326,6.138,2024
140423,288730,245.0661,2024
140425,159491,106.4754,2024
140426,169102,151.3086,2024
140427,307109,305.4839,2024
430581,772930,502.4249,2024
140428,379693,369.3554,2024
652822,122871,8.6666,2024
652823,102153,1.7254,2024
652824,32029,0.1621,2024
652825,67269,0.4862,2024
652826,129374,55.0343,2024
652827,156897,4.5124,2024
652828,70371,5.5724,2024
652829,56686,15.911,2024
371602,722925,693.4265,2024
130623,365440,220.9258,2024
371603,373905,218.3536,2024
130626,530013,740.8455,2024
130627,561219,396.4831,2024
130624,217276,87.2893,2024
430582,953441,537.1255,2024
430103,551230,3992.6973,2024
430102,524897,12410.7802,2024
430105,614502,3237.4002,2024
430104,831280,1549.8373,2024
441226,356459,178.1801,2024
441225,423474,155.156,2024
441224,865161,242.4459,2024
441223,450879,183.4539,2024
513402,455221,101.0956,2024
513401,751045,282.5522,2024
150206,27529,111.5567,2024
150207,319522,391.9439,2024
150204,506604,1839.0941,2024
150205,36619,46.9313,2024
150202,543139,1164.5749,2024
360926,143674,91.9421,2024
150203,794897,2620.7177,2024
360924,289781,149.8325,2024
360925,153004,111.0273,2024
140403,806284,2348.6105,2024
140404,361106,745.299,2024
220621,314515,51.095,2024
140405,279813,234.7543,2024
140406,246349,400.249,2024
623025,58432,6.0861,2024
220623,79305,32.0658,2024
230422,184222,54.8207,2024
652801,547431,80.5197,2024
623026,37908,8.7528,2024
220622,141681,45.951,2024
230421,235060,34.5686,2024
623023,141087,46.5949,2024
623024,55374,11.717,2024
623021,148171,105.5275,2024
370725,689991,627.0846,2024
623022,103813,20.2546,2024
140881,472189,389.2195,2024
140882,420566,712.1815,2024
623027,92153,14.683,2024
130602,490859,3218.0484,2024
520181,479761,346.2155,2024
451402,335974,115.179,2024
500105,735996,3312.6663,2024
441204,804165,366.9029,2024
520111,638646,660.3461,2024
500104,346228,3317.3544,2024
441203,173393,314.2607,2024
520112,226372,331.4325,2024
500103,689535,29479.1948,2024
441202,504425,3322.3691,2024
520113,282498,1043.5342,2024
500102,1131077,384.7016,2024
500109,726705,967.3026,2024
520115,122896,403.5462,2024
500108,790577,3039.8746,2024
220211,351736,301.3139,2024
500107,1123615,2634.9505,2024
500106,1043991,2630.5893,2024
533423,143471,41.7412,2024
533422,97784,11.7283,2024
510311,289754,616.2641,2024
370321,514147,1024.0389,2024
370322,366501,438.8692,2024
370323,583622,356.186,2024
210411,511948,1480.4382,2024
620802,535800,281.224,2024
500101,1652064,479.0328,2024
220681,187516,62.3287,2024
520122,225585,217.7488,2024
520123,265329,247.36,2024
522301,829023,286.3475,2024
522302,443180,249.271,2024
220203,565264,482.3291,2024
220202,736026,866.3589,2024
360521,320988,232.4855,2024
220204,449100,763.4196,2024
350721,203124,102.6243,2024
350722,324070,95.5552,2024
350723,143671,63.7297,2024
350724,133216,126.8658,2024
350725,181925,103.8748,2024
451421,405570,142.6065,2024
510322,853103,636.1986,2024
210882,737846,470.9347,2024
510321,644500,401.6596,2024
210881,735436,250.9973,2024
451423,236788,102.3842,2024
451422,359295,96.8524,2024
210402,254481,2346.4645,2024
659010,36835,55.7184,2024
640402,363861,133.2772,2024
650205,10435,4.6875,2024
650204,57567,45.3363,2024
650203,245597,71.5469,2024
210404,409723,1296.183,2024
659012,10319,101.6407,2024
650202,73839,184.6814,2024
210403,342690,570.9645,2024
659011,30091,12.3732,2024
451425,351318,162.5113,2024
451424,314825,114.432,2024
331181,250006,82.1817,2024
520121,380969,188.7011,2024
140830,413128,355.5066,2024
659009,45051,66.7629,2024
659008,82301,82.6435,2024
410927,360688,816.6232,2024
370303,985299,2740.9906,2024
410926,501490,811.7931,2024
370304,505064,722.2141,2024
450103,743443,862.3735,2024
370305,663974,1000.6404,2024
410928,1032365,772.5963,2024
450102,437448,603.5986,2024
370306,421661,1379.4082,2024
410923,491142,798.803,2024
370783,1206030,616.6674,2024
410922,642851,779.7751,2024
370784,987733,576.2076,2024
370785,949530,622.4018,2024
370786,641192,440.562,2024
370302,745697,777.2389,2024
450109,326136,264.6444,2024
140825,356161,597.3099,2024
659003,161061,80.8385,2024
450108,333555,243.8399,2024
140826,292405,299.0892,2024
659002,167017,42.5692,2024
370781,1015680,651.1659,2024
140827,244697,151.9369,2024
659001,365516,798.9016,2024
370782,1156362,537.3354,2024
140828,374085,277.1043,2024
450105,602224,507.9109,2024
140829,279138,237.6864,2024
659007,48543,65.7845,2024
659006,72455,38.8488,2024
450107,1204405,1120.0682,2024
659005,66527,73.1677,2024
659004,99926,134.7284,2024
522323,270424,186.1434,2024
360502,887248,497.6777,2024
522324,262617,200.4591,2024
522325,323470,213.9514,2024
522326,265468,88.1726,2024
522327,200976,77.6691,2024
150627,232528,42.424,2024
360982,593523,461.1533,2024
522328,376372,169.339,2024
150626,137019,11.7476,2024
360983,861817,356.0099,2024
360981,1417168,499.1735,2024
350702,494805,186.3204,2024
350703,304976,90.0867,2024
430525,829080,380.7319,2024
371623,444961,226.2998,2024
430524,1171762,408.6616,2024
430527,372366,127.5485,2024
371625,516620,572.4118,2024
430529,267506,102.7528,2024
430528,596183,215.9455,2024
450110,578770,170.7587,2024
371622,452900,566.4242,2024
371621,639462,468.9899,2024
430523,974832,486.4434,2024
430522,780387,442.9323,2024
140930,153294,116.4601,2024
140931,154654,156.6198,2024
140932,118109,70.7883,2024
632701,128057,8.317,2024
620721,39093,1.9363,2024
620722,233835,104.261,2024
620723,144138,52.8548,2024
622901,344330,3896.8205,2024
620724,149960,34.5482,2024
341004,92811,221.7929,2024
540602,115658,7.1396,2024
341002,264071,1370.0498,2024
341003,156798,89.7476,2024
450923,1429582,373.0122,2024
140924,280270,118.2294,2024
152923,34456,0.3909,2024
450922,814712,524.737,2024
140925,171823,88.1903,2024
152922,27026,0.3777,2024
140926,166652,81.7288,2024
433101,339622,314.9627,2024
152921,191159,2.3959,2024
450924,596891,406.8709,2024
140927,112544,76.3958,2024
620725,159161,46.5682,2024
140928,114347,82.2655,2024
140929,89773,45.3432,2024
450921,672006,297.582,2024
652301,451343,56.6413,2024
530802,315001,81.3277,2024
652302,174656,20.4838,2024
150727,38763,1.559,2024
150726,43024,2.1351,2024
150725,61759,3.5306,2024
421125,933996,476.8617,2024
421124,375076,261.5903,2024
421123,574219,269.01,2024
421122,648777,362.2654,2024
421127,911933,537.098,2024
610902,923539,253.4407,2024
421126,775770,325.1825,2024
421121,366478,443.8431,2024
640324,329690,74.7514,2024
411329,666067,634.117,2024
640323,149356,22.8255,2024
411326,730671,258.3812,2024
411325,616887,267.7494,2024
411328,1355883,541.6708,2024
411327,680295,589.6349,2024
411322,986327,387.7755,2024
411321,601963,205.2886,2024
411324,921395,616.7957,2024
650121,107577,25.5066,2024
411323,473824,137.4308,2024
431382,1019697,557.2189,2024
431381,351888,801.8468,2024
540627,39071,1.374,2024
540628,50989,5.1961,2024
540629,31780,0.4336,2024
620702,537260,146.6715,2024
540623,34425,3.8306,2024
540624,40118,0.9218,2024
540625,21563,0.8409,2024
540626,46579,7.948,2024
150724,143939,7.7174,2024
140902,579560,291.6146,2024
150723,435850,7.9702,2024
150722,297592,28.7923,2024
540621,34330,2.627,2024
150721,295936,26.6802,2024
540622,63781,5.4574,2024
230828,269813,78.8769,2024
500120,620270,677.7207,2024
500116,1316474,408.9081,2024
230826,215666,96.8032,2024
530828,524072,59.9807,2024
610922,184957,122.0536,2024
500115,818766,576.5566,2024
530829,95468,76.0373,2024
610923,76303,20.8255,2024
500114,467544,196.7044,2024
530826,129655,37.9041,2024
500113,988917,542.4564,2024
530827,143990,76.3779,2024
610921,261628,191.7129,2024
230822,497657,112.726,2024
530824,310092,41.2752,2024
500119,568222,219.5418,2024
140921,230848,270.8894,2024
530825,222247,53.5137,2024
500118,1082500,685.1441,2024
140922,318510,110.94,2024
530822,380009,71.8819,2024
150703,92585,343.73,2024
500117,1359220,583.8946,2024
140923,228338,132.079,2024
530823,382314,85.838,2024
421102,384009,1064.6089,2024
530821,197020,53.6949,2024
610929,171457,119.1537,2024
610926,203310,76.9308,2024
610927,53631,36.1097,2024
610924,303924,137.3739,2024
610925,160418,82.6639,2024
640302,416508,377.1025,2024
650109,370971,109.0859,2024
650107,43316,9.0914,2024
640303,200722,72.7868,2024
650106,158104,572.8966,2024
650105,407007,1475.4548,2024
411303,904526,889.0338,2024
650104,732513,2791.3205,2024
650103,761276,1803.8126,2024
650102,725568,4254.4346,2024
500112,1476300,1015.3463,2024
500111,770252,537.8847,2024
411302,1018894,1053.2292,2024
500110,1125206,410.4394,2024
653201,325132,700.322,2024
330383,374358,2502.0328,2024
131182,604882,482.8888,2024
420222,880235,317.5171,2024
320581,1602122,1255.0365,2024
513422,139359,10.5571,2024
320104,1116390,22240.8763,2024
513426,370576,115.9358,2024
320105,434167,5473.9282,2024
320102,584965,7780.0858,2024
513424,226790,98.7603,2024
513423,375278,44.6707,2024
320585,752168,918.4712,2024
513429,174684,103.9237,2024
320582,1318551,1342.7243,2024
513428,164773,86.4648,2024
320583,1733856,1860.1204,2024
513427,168069,101.4576,2024
150702,366408,279.348,2024
410423,834928,346.802,2024
330381,1508475,1196.7519,2024
210811,149184,691.5867,2024
410425,598482,825.9063,2024
330382,1466500,1133.5047,2024
410422,803744,577.4602,2024
320106,1420743,25546.5575,2024
410421,529719,727.9042,2024
230407,44706,1542.5873,2024
820000,530811,21104.0652,2024
230406,187549,43.1463,2024
230405,76249,604.7919,2024
230404,139032,4496.5071,2024
230403,159361,13196.0292,2024
230402,100598,11885.898,2024
370828,667258,751.4893,2024
442000,3313859,1885.9852,2024
370829,835758,858.7888,2024
230883,136097,21.6683,2024
230882,471775,57.3582,2024
220602,395842,287.3276,2024
230881,191392,30.668,2024
220605,256791,190.4376,2024
513433,374720,84.8181,2024
513432,179552,81.3852,2024
370826,669548,401.3371,2024
513431,271173,100.5465,2024
370827,465066,716.6582,2024
513430,163869,104.5189,2024
370831,568004,507.4986,2024
513437,228978,81.1398,2024
370832,791935,820.7436,2024
513436,230315,91.6217,2024
513435,206157,95.9499,2024
513434,286222,126.9057,2024
370830,725818,817.1312,2024
210802,285291,3343.956,2024
210804,456819,1675.9261,2024
210803,213256,773.3563,2024
632725,90880,7.5409,2024
632724,33516,0.4154,2024
632723,59426,4.0651,2024
632722,62267,1.7523,2024
420684,541915,256.6215,2024
420683,1065321,325.4639,2024
420682,496837,467.6999,2024
632726,28404,0.6092,2024
420205,59474,2126.0728,2024
420204,190605,3061.9838,2024
420203,252926,2193.7257,2024
420202,237910,7602.6202,2024
622922,241519,315.1056,2024
450981,1201396,489.2846,2024
341022,240698,113.4283,2024
622921,294264,287.8945,2024
341023,85797,100.1661,2024
622924,242157,451.7543,2024
622923,192121,100.6351,2024
341021,435546,204.5209,2024
341024,167978,75.6436,2024
410402,418331,3204.6961,2024
410404,59014,1655.1817,2024
410403,329144,3114.1705,2024
410882,480273,807.3387,2024
622926,300146,198.6536,2024
622925,193882,320.7131,2024
450503,167621,363.1378,2024
410883,380810,754.9564,2024
622927,251884,274.7838,2024
450502,352169,3257.4236,2024
652323,227210,23.8707,2024
652324,252616,27.4156,2024
652325,225302,13.5239,2024
430482,861254,420.4561,2024
430481,1220241,460.5564,2024
652327,120878,14.8474,2024
652328,68151,5.044,2024
340181,827270,404.2201,2024
320115,1216734,787.6774,2024
320116,964439,647.7647,2024
320113,676981,1747.569,2024
370811,1298067,1509.9325,2024
320114,428528,3170.2731,2024
370812,670353,1029.9554,2024
320111,775663,837.7727,2024
500152,686378,431.2691,2024
429021,80532,25.0374,2024
500151,639253,477.2634,2024
440282,335264,145.6145,2024
440281,420908,175.519,2024
450512,145913,358.2339,2024
500156,374447,129.2652,2024
500155,729165,389.2803,2024
410411,302901,1651.7605,2024
320117,445973,421.0729,2024
500154,1236077,309.3754,2024
320118,441674,560.2271,2024
500153,708356,650.3617,2024
632301,98160,30.6702,2024
630123,145121,93.707,2024
361003,464607,366.3043,2024
361002,1158806,544.7245,2024
341881,414293,167.9702,2024
620321,248968,55.2765,2024
341882,521341,243.0504,2024
540202,127778,34.8566,2024
630121,463738,146.6219,2024
610502,939557,744.0197,2024
610503,339845,300.7927,2024
520602,281434,277.5683,2024
530402,525780,552.9168,2024
520603,148541,176.3535,2024
440705,898778,667.576,2024
530403,298205,370.033,2024
440704,285091,2624.2217,2024
440703,734409,2265.4919,2024
430903,756939,590.5738,2024
430902,568989,992.8433,2024
610981,451455,127.7461,2024
510802,552035,358.9498,2024
630102,378187,3395.8238,2024
653222,508035,20.0107,2024
630103,305657,1953.9711,2024
653223,250895,6.4327,2024
653224,247714,17.5304,2024
653225,156510,4.9551,2024
630106,468269,191.5489,2024
653226,265002,6.7892,2024
653227,36022,0.6352,2024
630104,259681,4949.0007,2024
630105,326434,2448.5886,2024
131128,365329,524.4059,2024
131127,570335,478.7254,2024
131126,523933,541.3358,2024
540227,44916,3.2169,2024
510811,184826,129.2674,2024
540228,44904,16.0005,2024
510812,186461,117.0754,2024
540229,29779,14.0469,2024
620302,242503,79.4298,2024
540223,53978,3.8915,2024
131121,419680,464.2928,2024
540224,50182,8.7314,2024
540225,52340,11.6613,2024
540226,54967,2.0008,2024
131125,353138,713.1607,2024
131124,295762,516.6148,2024
540221,79589,9.8207,2024
131123,228151,514.7619,2024
540222,67495,17.5405,2024
131122,341424,409.5522,2024
653221,306769,7.4727,2024
610526,782666,495.2247,2024
610527,305079,310.4358,2024
610524,465190,355.0363,2024
610525,408841,364.42,2024
530428,230528,84.8094,2024
610522,154337,356.1947,2024
520621,185491,98.9738,2024
610523,732456,434.0998,2024
130281,786810,516.8645,2024
520622,128477,247.3707,2024
530426,172955,89.4885,2024
520623,324214,149.6936,2024
411381,1551559,659.9096,2024
530427,307146,72.023,2024
520624,534248,241.2832,2024
530424,244911,196.6268,2024
520625,299961,152.063,2024
530425,189871,124.5913,2024
520626,390909,188.7019,2024
532601,508197,171.5493,2024
520627,478250,192.7713,2024
530423,319673,433.523,2024
520628,509598,179.5288,2024
640381,281643,154.6477,2024
210381,1365210,531.7307,2024
610528,797359,638.5735,2024
421182,679406,552.8139,2024
421181,908037,252.8661,2024
510822,233671,73.4671,2024
510823,482756,150.7081,2024
510821,408740,137.1325,2024
130284,596251,580.0358,2024
510824,604763,259.5269,2024
130283,769380,626.3185,2024
220182,1225548,262.557,2024
220184,1163679,280.8172,2024
220183,790736,262.0359,2024
330783,845467,483.53,2024
330784,756716,723.2523,2024
330302,1362579,4642.076,2024
230811,338402,203.466,2024
330781,596239,453.6901,2024
330782,1321308,1198.7832,2024
330303,720456,2455.0879,2024
330304,1075090,2309.0207,2024
330305,141428,945.1248,2024
320981,1048345,421.5977,2024
340111,852651,2885.9552,2024
445122,917395,545.2903,2024
320508,988743,12089.0526,2024
320509,1322775,1081.9176,2024
320506,1800984,737.0688,2024
320507,724229,1469.5256,2024
131103,385273,421.0515,2024
320505,827229,2068.9266,2024
131102,545397,924.1926,2024
230805,180051,1097.3089,2024
230804,161498,6007.5074,2024
230803,255377,5232.2559,2024
433130,530742,169.3222,2024
621222,231734,45.9102,2024
621221,257725,153.286,2024
621228,48611,33.9669,2024
621227,212451,78.049,2024
340121,714743,388.1427,2024
621224,190843,64.0775,2024
340124,1035305,441.9786,2024
621223,286382,86.3939,2024
621226,495550,116.1057,2024
340122,900999,413.7756,2024
621225,411470,221.8731,2024
340123,792550,467.2075,2024
540630,11051,0.0949,2024
410482,993513,630.8626,2024
410481,328705,524.0622,2024
632324,41177,6.121,2024
632323,75041,11.3935,2024
411330,418900,218.4963,2024
330324,832866,311.5061,2024
632322,58619,37.6623,2024
361028,118167,95.039,2024
433122,316567,202.0796,2024
361027,314870,233.0097,2024
361026,238630,123.093,2024
330329,248438,140.5585,2024
445103,1270449,1170.0308,2024
361025,367586,152.4836,2024
211281,266430,1014.3239,2024
445102,620401,1914.0114,2024
361024,369155,242.9049,2024
361023,305724,159.9726,2024
361022,244202,143.6388,2024
361021,325870,190.1892,2024
330326,812223,837.3591,2024
330327,865696,850.4998,2024
330328,225599,173.7629,2024
211282,568689,201.999,2024
420281,967519,621.9213,2024
433125,295971,168.6064,2024
433126,134141,104.2595,2024
450903,393869,473.9253,2024
433123,353963,203.5503,2024
450902,713729,1638.4926,2024
433124,305673,275.2573,2024
433127,454815,119.4228,2024
361030,249936,155.9981,2024
621202,593216,127.457,2024
340102,943063,3784.3125,2024
340103,646661,4725.7072,2024
340104,1212507,1844.66,2024
441523,311503,315.0461,2024
441521,833284,472.2036,2024
340827,558803,415.9323,2024
340828,342074,143.9163,2024
360430,373902,242.3404,2024
350628,531377,229.2836,2024
211421,625883,224.7406,2024
350629,162867,127.6774,2024
511724,933332,446.7723,2024
450481,819085,295.6767,2024
511725,1233579,611.909,2024
511722,1070275,251.5346,2024
511723,453170,440.9333,2024
211422,552957,173.3241,2024
360429,293639,434.1202,2024
520201,784340,756.4758,2024
520203,528655,294.0621,2024
520204,605678,198.8374,2024
530481,182367,240.2923,2024
510403,180541,1478.9985,2024
510402,371647,2256.055,2024
610222,99483,65.6175,2024
140110,247202,848.6611,2024
441502,483733,1217.8992,2024
510411,285795,166.345,2024
211403,252654,1513.2039,2024
211402,502748,433.6638,2024
340811,263987,637.2798,2024
211404,273049,271.0183,2024
360428,762034,341.6853,2024
360425,386633,198.8362,2024
360426,164258,191.4948,2024
360423,382860,108.6272,2024
360424,786714,174.3064,2024
350622,435454,424.9001,2024
350623,838963,412.4015,2024
350624,624496,491.099,2024
140121,357375,588.473,2024
350626,197237,907.1904,2024
140122,127110,61.0895,2024
350627,360248,183.8074,2024
140123,111864,86.8664,2024
370215,1227915,665.9093,2024
510421,232321,110.248,2024
510422,221675,67.5138,2024
130324,401937,422.0273,2024
370211,1437733,696.9266,2024
370212,382084,1019.4268,2024
370213,535449,5654.6218,2024
370214,794160,1501.5905,2024
340822,630368,468.5546,2024
340825,551227,269.0522,2024
130321,524633,149.9681,2024
340826,604288,255.1618,2024
130322,598235,497.2193,2024
370285,796288,508.0097,2024
341723,262887,219.4427,2024
341722,96967,68.6468,2024
341721,500891,153.9309,2024
370281,897478,689.6822,2024
370283,1440795,453.9924,2024
140105,935518,3232.4397,2024
140106,576774,5487.5583,2024
140107,613039,4192.9256,2024
532628,432139,81.6158,2024
140108,460553,1560.8777,2024
532627,836832,107.6171,2024
140109,809461,2807.4839,2024
532626,506366,100.6337,2024
532625,389222,145.7259,2024
350203,983445,13293.8933,2024
532624,297425,126.5018,2024
652901,570146,39.543,2024
360483,245332,325.3151,2024
532623,268757,179.7236,2024
652902,481171,33.1401,2024
451381,121132,331.6404,2024
350205,296598,1677.3476,2024
140581,512281,521.4741,2024
532622,496371,128.1811,2024
350206,911570,13325.4287,2024
360481,450488,313.1758,2024
360482,126078,409.2386,2024
210123,336088,154.2243,2024
430822,403486,117.0403,2024
130303,186444,977.6763,2024
430821,640999,183.7871,2024
130304,105509,646.5141,2024
130302,1039105,1437.494,2024
231002,211596,363.3942,2024
231003,246646,186.2733,2024
231004,312731,715.2553,2024
340881,708724,457.1331,2024
231005,245315,700.3316,2024
340882,527636,312.6194,2024
210124,418765,183.8108,2024
130306,299414,287.5697,2024
371121,511035,341.7015,2024
540234,15817,1.7552,2024
340403,622688,2500.7496,2024
540235,19719,2.5059,2024
340404,345038,1278.5631,2024
540236,14906,1.2008,2024
371122,1011184,555.2674,2024
540237,11104,2.8133,2024
340402,203134,663.7463,2024
540230,22015,3.5803,2024
540231,21440,3.6756,2024
540232,23497,0.5398,2024
340405,179622,2651.2886,2024
540233,14582,3.4129,2024
340406,426109,713.4111,2024
710021,449016,195.3992,2024
710020,558885,396.648,2024
710023,1271572,1144.8726,2024
710022,680444,506.8035,2024
330604,788896,578.9815,2024
330602,984408,1848.1333,2024
330603,1113213,1041.9826,2024
210112,452208,561.9253,2024
430811,33193,83.48,2024
210111,505097,645.7698,2024
511702,609921,689.5601,2024
511703,1090703,485.1914,2024
210115,509428,309.2776,2024
210114,735082,1470.7897,2024
440608,445580,476.2532,2024
210113,431951,525.6102,2024
341702,632914,252.465,2024
320803,1058075,718.3949,2024
320804,854306,653.3605,2024
710010,53037,607.4542,2024
710014,1879237,833.9646,2024
710013,207272,58.0811,2024
710012,3989828,1942.4669,2024
710011,801189,287.9256,2024
152529,58235,9.3141,2024
440607,657408,795.8162,2024
440606,2611511,3236.278,2024
440605,2744019,2556.1353,2024
440604,1169865,7632.2696,2024
230184,942176,124.8932,2024
152531,107385,27.7001,2024
230183,623112,70.0221,2024
152530,86548,8.482,2024
430802,490952,225.8789,2024
371103,418255,545.2425,2024
210105,907637,13470.5482,2024
371102,1007812,812.7892,2024
231025,393098,59.2134,2024
210104,845498,8387.0252,2024
210103,977737,16742.6809,2024
210102,714026,11861.9624,2024
710018,2250878,1858.0355,2024
710016,2814777,1263.0729,2024
210106,1077411,3805.047,2024
371581,763006,805.5641,2024
220382,444913,143.5442,2024
710019,451285,3862.3159,2024
710003,322213,70.096,2024
360830,506213,232.7107,2024
710001,2728487,921.4507,2024
460205,92496,266.15,2024
320382,1603818,769.1781,2024
460204,265795,281.838,2024
460203,267370,731.9819,2024
130727,275063,148.6607,2024
460202,70553,282.2844,2024
320381,929230,581.0349,2024
130728,224136,132.0408,2024
511321,992322,447.9949,2024
533103,413047,142.3837,2024
533102,192990,203.6787,2024
511324,997292,557.3218,2024
130732,252754,48.0588,2024
450881,1583871,389.0354,2024
511325,534305,482.8735,2024
511322,791531,484.526,2024
130730,371946,210.8481,2024
511323,605562,452.2633,2024
130731,352215,126.3222,2024
710007,539767,298.4739,2024
152528,30149,5.8736,2024
450406,288922,294.1888,2024
330182,458886,198.2168,2024
710006,493881,253.001,2024
152527,119822,34.9451,2024
450405,196802,529.7324,2024
710005,273499,4455.9588,2024
152526,93442,4.1593,2024
360829,410564,146.9306,2024
431322,1186079,327.5756,2024
710004,361265,2689.6373,2024
152525,100021,2.1954,2024
431321,829962,520.795,2024
152524,71343,3.1764,2024
360827,571026,181.245,2024
152523,35726,1.0432,2024
360828,318639,156.3539,2024
710009,2646709,9799.5542,2024
152522,46549,1.6933,2024
360825,454126,167.6258,2024
710008,492698,120.0423,2024
450403,325874,734.8145,2024
360826,525368,210.354,2024
310107,1328892,24367.8004,2024
310109,892571,37121.9243,2024
331022,349766,339.5339,2024
469029,152762,132.6856,2024
629700,11140,5.5007,2024
331023,405557,283.0661,2024
469028,329031,300.0622,2024
331024,362909,181.4526,2024
469027,482486,174.5115,2024
310101,780687,37747.2887,2024
310104,1132797,21175.7468,2024
310105,723629,18945.7877,2024
310106,1104557,29984.565,2024
411729,889621,622.3933,2024
429006,1502759,575.5192,2024
429005,1001241,499.8696,2024
411726,746420,317.9344,2024
429004,1251519,497.4201,2024
411725,356742,221.8474,2024
411728,428437,410.6797,2024
411727,739718,492.7116,2024
411722,1161365,767.3292,2024
469026,234845,147.3372,2024
411721,744323,676.4169,2024
469025,178013,84.1598,2024
411724,688270,362.6875,2024
469024,445320,340.2747,2024
520281,1098516,271.8226,2024
411723,794982,621.4971,2024
469023,484301,234.7967,2024
469022,271925,222.0237,2024
469021,307957,258.4144,2024
422828,211228,73.1374,2024
310118,1159325,1730.5407,2024
422825,327795,119.3885,2024
422826,324145,126.9685,2024
422827,259190,192.724,2024
310110,1377868,23045.7419,2024
130708,227297,196.2669,2024
422822,441305,164.7602,2024
310112,2549629,6775.2771,2024
130705,559529,277.4569,2024
422823,447363,133.5583,2024
310113,2055400,6778.6475,2024
130706,67036,212.6924,2024
310114,1603940,3517.9705,2024
310115,5344138,3575.8674,2024
310116,774775,1288.2262,2024
130709,112573,48.2318,2024
310117,1687819,2803.1507,2024
533124,192269,102.6687,2024
533123,321698,74.7898,2024
533122,164045,143.8998,2024
450422,885052,224.4029,2024
450421,337817,121.685,2024
441581,1432371,681.081,2024
152502,259904,17.5784,2024
431302,643940,1021.2918,2024
152501,83191,20.7066,2024
450423,204508,159.6778,2024
360803,213617,233.2519,2024
469030,184615,68.3228,2024
360823,197398,152.5955,2024
360824,346675,277.7651,2024
140521,225066,84.7253,2024
360821,492079,232.2634,2024
140522,413154,214.8464,2024
360822,531098,211.5131,2024
140524,249533,148.2983,2024
140525,519391,255.6582,2024
652922,247162,17.2865,2024
652924,290495,9.1191,2024
652925,178322,30.6252,2024
652926,243313,15.3071,2024
652927,210226,23.2807,2024
652928,251461,19.3056,2024
652929,48193,5.4093,2024
370611,721016,776.512,2024
370612,489305,325.2325,2024
130722,339595,81.0118,2024
370613,343137,1045.9663,2024
370614,499879,425.917,2024
130725,160091,61.0713,2024
130726,479933,150.0545,2024
130723,216562,64.4678,2024
310120,1153597,1610.1064,2024
130724,185609,51.6011,2024
411702,1114469,825.4254,2024
420626,271988,84.5055,2024
420625,556644,218.5242,2024
420624,567725,147.3038,2024
440233,222670,113.576,2024
422802,695825,150.5719,2024
440232,189267,82.3623,2024
500229,206375,62.1597,2024
422801,798890,200.9863,2024
150782,373429,13.4345,2024
150781,172541,353.428,2024
620921,156620,9.6455,2024
620922,157395,6.6769,2024
410823,761858,951.5132,2024
370685,601179,420.2297,2024
370686,527858,294.1362,2024
370202,488952,18862.2629,2024
410825,445257,925.8059,2024
370687,663718,356.7261,2024
370203,1061826,16144.8644,2024
232721,152991,4.7524,2024
232722,99179,7.0614,2024
370681,717950,793.9191,2024
410822,461742,1082.6055,2024
150303,110009,113.6835,2024
370682,931576,540.4944,2024
410821,316207,511.444,2024
150304,141336,684.4001,2024
370683,930475,492.1117,2024
620923,15943,0.2887,2024
620924,11202,0.3837,2024
150785,117207,5.8555,2024
150302,309237,635.6082,2024
150784,81807,2.8341,2024
150783,389717,23.2496,2024
440224,215032,97.685,2024
360403,372573,6594.6526,2024
440222,219282,102.9686,2024
360404,355206,386.9957,2024
220322,740551,209.9396,2024
230129,254396,82.2644,2024
140502,499486,3503.4026,2024
360402,332652,854.6531,2024
230128,222705,39.321,2024
230127,294501,92.847,2024
220323,502221,199.1855,2024
230126,628689,200.2453,2024
360881,180317,127.0665,2024
230125,583517,151.6828,2024
230124,216842,72.7967,2024
230123,412049,89.4483,2024
350602,566107,2181.8319,2024
440229,352805,162.537,2024
350603,184978,1543.7819,2024
350604,907680,720.7805,2024
350605,219859,244.1976,2024
140981,523988,205.5316,2024
371525,812389,700.4201,2024
430426,1030267,551.674,2024
371524,372935,514.1952,2024
451302,971763,220.5718,2024
371526,504791,531.2849,2024
371521,810836,804.0552,2024
640522,419716,84.193,2024
130703,362567,1739.988,2024
640521,330344,98.0423,2024
210522,338293,95.6366,2024
210521,314488,94.118,2024
371522,1018746,735.9409,2024
130702,425981,1043.4504,2024
340803,308784,1606.4806,2024
430422,1013579,387.4439,2024
430421,1147992,448.0419,2024
430424,666533,345.6932,2024
340802,258076,1260.0889,2024
430423,404192,433.7598,2024
420602,511915,770.0515,2024
420607,952424,378.3647,2024
420606,877913,1793.9143,2024
230113,879388,279.2564,2024
230112,632267,258.1897,2024
230111,811911,371.8609,2024
230110,951487,2787.3141,2024
511781,434409,106.7631,2024
511302,793487,1464.7285,2024
511303,566905,697.6268,2024
410802,297736,4351.2003,2024
310151,716388,421.5549,2024
410804,147269,1225.8728,2024
511304,607692,520.0933,2024
410803,116170,910.5186,2024
620902,454712,135.6171,2024
430412,62355,346.0717,2024
440203,319459,473.3283,2024
230109,256782,339.4202,2024
220781,764166,178.2226,2024
230108,197159,2020.5773,2024
220302,208416,1171.0216,2024
230104,963298,1574.3014,2024
230103,1466672,8624.5094,2024
220303,538498,578.5156,2024
230102,966117,2090.9575,2024
321282,728508,1109.2006,2024
321283,1138250,974.4751,2024
321281,1327442,554.2105,2024
440205,325746,200.6874,2024
440204,405416,710.4609,2024
451322,304710,158.7974,2024
371503,550941,549.5166,2024
451321,331674,131.4371,2024
371502,1308527,906.187,2024
451324,129872,52.6079,2024
430406,239874,2863.4133,2024
451323,373799,219.1447,2024
430405,350657,1626.1267,2024
430408,320619,2888.6374,2024
430407,262315,2541.9128,2024
640502,469865,86.9407,2024
331083,627610,1439.2768,2024
210505,79868,129.564,2024
210504,395559,958.0982,2024
410811,341353,1467.4223,2024
210503,269144,858.469,2024
210502,416123,2333.251,2024
331081,1400212,1452.5834,2024
331082,1111051,506.0363,2024
431281,503982,220.4953,2024
330225,498935,417.506,2024
632823,36684,1.4328,2024
632822,81835,1.8076,2024
632821,39721,3.2423,2024
330226,666335,388.4061,2024
450802,617974,563.3065,2024
450804,434876,321.3642,2024
450803,541054,493.8506,2024
411681,1062587,982.8594,2024
330211,441610,1805.7577,2024
530927,191202,77.2039,2024
330212,1291066,1618.7463,2024
330213,517954,412.1997,2024
530925,187730,86.8995,2024
530926,323549,86.5783,2024
530923,392440,121.8376,2024
530924,183572,72.1882,2024
530921,487840,146.7985,2024
530922,477210,130.3226,2024
421003,588435,564.6758,2024
421002,645216,1247.38,2024
320412,1572324,1470.7126,2024
320413,589536,603.0862,2024
320411,723491,1419.1369,2024
411203,363439,225.2059,2024
411202,352260,1753.0897,2024
632802,83055,2.9915,2024
632801,228558,1.9169,2024
632803,35547,0.711,2024
620821,304813,208.9202,2024
620822,194820,98.2716,2024
620823,108079,127.9265,2024
410329,787752,744.093,2024
410328,450899,195.7649,2024
410325,536935,178.4837,2024
500240,441542,146.6994,2024
410324,363857,147.009,2024
232701,88273,4.7902,2024
410327,603355,372.7059,2024
410326,432845,326.6376,2024
620825,410581,273.501,2024
500243,578882,148.4201,2024
410323,507031,437.2494,2024
620826,454238,206.6615,2024
500242,616351,119.5849,2024
450821,1201858,402.0172,2024
500241,540387,219.8765,2024
500237,524179,176.3484,2024
500236,877317,214.8942,2024
500235,965520,265.8011,2024
150826,272986,156.1976,2024
150825,78735,3.2072,2024
150824,142389,6.2358,2024
500238,448471,110.6553,2024
640423,175017,175.7605,2024
640422,377629,120.7496,2024
640425,211797,83.1043,2024
640424,106599,92.7625,2024
500233,801062,365.7942,2024
500231,747309,491.5874,2024
500230,687648,237.5327,2024
630202,275752,111.5346,2024
410781,509737,595.3651,2024
420107,541555,6061.9108,2024
630203,108904,148.3185,2024
420102,961458,11861.3663,2024
620881,199866,166.2169,2024
420583,523644,381.4413,2024
420106,1265348,13209.5117,2024
420105,624896,5489.018,2024
420104,843661,20847.1829,2024
420103,758917,25601.7334,2024
620402,314252,233.2965,2024
620403,205670,102.5934,2024
370724,873347,477.1297,2024
410307,487393,733.6368,2024
420582,502673,233.7198,2024
420581,405953,299.6749,2024
321311,649482,546.8623,2024
410308,521186,642.6413,2024
410303,370514,7218.3892,2024
150823,312209,41.7295,2024
410302,190674,3659.5948,2024
150822,124046,33.7139,2024
410305,725546,5066.6775,2024
150821,277532,110.6841,2024
410304,198315,6231.6762,2024
410783,835127,809.2091,2024
410782,783710,462.6036,2024
360902,1108646,436.204,2024
331102,478274,319.8923,2024
360922,506408,292.764,2024
360923,350718,260.2405,2024
360921,332571,201.5121,2024
430381,842943,428.6604,2024
230524,159152,24.0945,2024
230523,440861,44.1316,2024
431230,219853,98.4863,2024
150802,566085,242.6858,2024
230522,98622,58.5347,2024
430382,92127,375.2977,2024
420113,121797,420.1177,2024
220722,679867,118.4773,2024
230521,304674,137.4174,2024
420112,470444,967.4268,2024
220721,664431,110.7996,2024
420111,1465969,2833.0426,2024
220723,318445,90.3787,2024
420117,901044,609.2479,2024
370703,488733,391.7085,2024
420116,922855,410.2913,2024
370704,538177,602.6564,2024
420115,845999,419.8775,2024
370705,713542,3783.2444,2024
420114,653895,597.5537,2024
321302,876164,906.2912,2024
210922,384766,106.1902,2024
210921,736007,117.9465,2024
410311,797530,1520.2906,2024
320481,796684,521.8646,2024
810110,133956,829.1312,2024
511381,761059,406.0969,2024
810111,446721,20040.2676,2024
810112,526305,3343.568,2024
810113,228010,1796.1361,2024
810114,542316,7425.0496,2024
810115,332366,4451.9532,2024
431229,262181,117.7836,2024
810116,199333,1457.0919,2024
431228,361626,172.3537,2024
810117,302894,5377.8394,2024
370702,431688,1509.3136,2024
810118,1055066,7175.3816,2024
141081,250043,1140.3914,2024
141082,295020,385.6799,2024
431221,192741,127.1819,2024
330281,1068514,724.3168,2024
210911,231825,2349.0459,2024
330282,1544809,1258.451,2024
431223,460667,231.5677,2024
431222,619065,106.208,2024
431225,335917,149.0473,2024
431224,787497,229.5862,2024
431227,257692,170.3258,2024
431226,362381,231.8135,2024
331124,194602,138.9142,2024
610603,182947,61.9329,2024
331125,122690,123.835,2024
230506,141793,282.3356,2024
331126,149959,79.7993,2024
230505,73976,373.3321,2024
331127,113794,58.8385,2024
610602,504398,142.532,2024
632857,14375,0.6881,2024
230503,63681,86.129,2024
331121,355543,143.445,2024
469007,428916,188.6914,2024
230502,265810,2238.9114,2024
530902,343870,134.5563,2024
331122,385598,258.5436,2024
469006,561227,299.9032,2024
331123,202590,79.8798,2024
469005,557158,233.7093,2024
220702,627710,395.0861,2024
810101,224109,20718.2194,2024
810102,255516,12752.9061,2024
810103,641268,64906.7343,2024
810104,372434,31722.0257,2024
810105,241159,6067.0894,2024
321323,869023,630.2338,2024
810106,529877,50078.1436,2024
321324,962824,356.206,2024
810107,283814,33219.3194,2024
411627,1145375,654.2401,2024
810108,201567,24457.4709,2024
321322,1614437,700.6658,2024
810109,374669,63165.3286,2024
411628,920122,742.1374,2024
411623,946069,744.9308,2024
411622,854556,706.0977,2024
411625,1083884,728.0326,2024
469002,505343,299.6738,2024
411624,1052167,978.8596,2024
469001,113341,98.9974,2024
210905,41542,439.9291,2024
210904,167461,1765.4595,2024
411621,689326,592.5091,2024
210903,86651,707.234,2024
210902,281816,4066.9133,2024
610632,137368,60.2577,2024
610630,124674,42.273,2024
610631,54341,19.761,2024
330624,402418,332.0698,2024
211382,607099,184.1629,2024
211381,511173,115.7159,2024
540326,42081,3.4119,2024
540327,46701,3.9439,2024
540328,88141,7.6096,2024
540329,49960,6.1962,2024
540322,43176,6.8302,2024
540323,52335,8.2631,2024
540324,75292,6.0901,2024
320826,922649,549.901,2024
540325,59906,7.2546,2024
540321,81679,6.2124,2024
120119,834032,523.4878,2024
610625,149643,39.4876,2024
654201,159846,41.3291,2024
610626,152968,40.3762,2024
654202,317238,22.0276,2024
654203,425824,34.2968,2024
411281,142541,1426.8091,2024
120115,847536,561.014,2024
610621,132303,56.1572,2024
120116,2540895,1073.2635,2024
610622,179562,89.9918,2024
120117,516096,396.1318,2024
411282,773400,257.4149,2024
120118,700090,471.396,2024
120111,771810,1383.6367,2024
530523,294489,105.3891,2024
120112,617871,1613.5748,2024
530524,366430,97.2291,2024
120113,755495,1583.5826,2024
530521,322001,164.7976,2024
120114,1014982,635.1991,2024
610629,235588,131.7478,2024
610627,80779,35.5413,2024
120110,688357,1452.8761,2024
610628,160124,38.3311,2024
421083,871596,358.0632,2024
421081,611582,432.813,2024
421088,1239013,385.7831,2024
510921,595522,475.2293,2024
421087,813666,375.6165,2024
510923,502516,721.3372,2024
320812,891126,2113.9529,2024
320813,349378,272.9476,2024
630223,378195,112.7913,2024
630224,216970,80.0892,2024
630222,373890,198.9463,2024
630225,131220,72.2471,2024
350211,612335,2407.5588,2024
350212,514862,792.2946,2024
350213,319558,864.5706,2024
441900,8722367,3552.3098,2024
542527,15542,0.6789,2024
620421,479687,85.9419,2024
542526,23629,0.1743,2024
620422,571320,101.0756,2024
620423,240046,43.7436,2024
542523,18177,1.008,2024
542522,8362,0.3403,2024
542525,16431,0.3595,2024
542524,11131,0.1443,2024
542521,10068,0.7654,2024
320830,699739,280.815,2024
320831,341261,247.9572,2024
340421,708471,649.5967,2024
340422,1068070,362.3112,2024
540330,37992,4.3295,2024
141027,135349,143.7958,2024
141026,87038,44.3971,2024
141029,247162,122.5732,2024
141028,113051,63.729,2024
141021,255819,583.5165,2024
141023,470162,454.9173,2024
141022,333387,285.0615,2024
141025,99332,83.0244,2024
141024,783426,522.8754,2024
341324,844799,456.1261,2024
341323,1040622,488.1735,2024
341322,1207040,648.02,2024
341321,848740,707.3641,2024
230921,234893,98.3236,2024
141030,68708,71.2941,2024
141032,68146,56.1449,2024
141031,111384,79.0388,2024
141034,153822,176.7577,2024
141033,113864,75.2338,2024
140181,217784,144.0575,2024
330203,940506,1579.7493,2024
120104,1030681,24387.1312,2024
330681,1233856,533.241,2024
120105,876684,29689.3274,2024
120106,514252,21300.4886,2024
330683,729711,408.6066,2024
120101,314772,31592.4143,2024
120102,834772,20572.7842,2024
120103,944436,20001.6821,2024
330205,380388,1816.3997,2024
330206,622975,1029.7895,2024
141002,1004421,770.1042,2024
320402,568922,3671.0812,2024
341302,1764797,604.6557,2024
540302,124390,11.4944,2024
320404,629775,4800.0097,2024
230904,168190,107.5988,2024
230903,153426,2005.4594,2024
230902,420616,194.5294,2024
654224,96768,4.8425,2024
411221,379634,278.6433,2024
654225,55348,9.1137,2024
654226,65729,2.2825,2024
610203,225147,371.2948,2024
610204,355008,220.0324,2024
610202,210305,1378.7056,2024
530502,993736,204.8688,2024
421024,348652,333.2757,2024
421022,932568,413.5224,2024
510903,691066,1130.6675,2024
510904,686580,545.2057,2024
610681,229966,95.939,2024
654221,199965,21.9094,2024
411224,374339,102.1779,2024
441402,430025,753.8786,2024
340706,275683,347.5933,2024
441882,388101,147.0908,2024
360313,385712,450.3891,2024
441881,999723,177.3449,2024
330902,442750,828.8033,2024
330903,320705,848.3626,2024
530114,331994,653.9055,2024
530115,302066,226.1703,2024
530112,805340,914.7495,2024
530113,293473,156.726,2024
141102,328944,248.0336,2024
441403,563127,228.2061,2024
530111,910859,1443.4676,2024
210211,1304862,2521.8196,2024
370124,355246,496.0154,2024
210214,716343,274.4645,2024
210213,1254494,679.9259,2024
370126,596309,514.0652,2024
210212,338393,679.8938,2024
340711,254715,440.4697,2024
520322,555256,172.9103,2024
520323,402336,158.062,2024
520324,410441,158.569,2024
520325,261774,121.5627,2024
360322,488241,668.7035,2024
530129,480130,134.0502,2024
520326,338366,122.3132,2024
360323,274467,283.721,2024
520327,331569,175.8065,2024
621022,319994,34.5543,2024
350521,962003,1332.5429,2024
530127,305824,368.0897,2024
520328,400971,214.8381,2024
621021,278550,103.4835,2024
360321,251254,236.6119,2024
530128,422009,99.2341,2024
520329,249650,154.0387,2024
621024,155416,52.9848,2024
321183,654575,475.1618,2024
530125,443045,231.5483,2024
621023,127502,33.6632,2024
350524,1042433,348.29,2024
530126,261366,155.7544,2024
321181,1016815,971.8206,2024
350525,479756,329.6323,2024
532302,452348,127.4776,2024
321182,355582,1068.7739,2024
350526,292575,132.4954,2024
532301,631702,142.5389,2024
530124,154935,155.1801,2024
350527,131260,899.6672,2024
451223,173976,100.6386,2024
370116,1052773,606.1589,2024
510521,880782,578.4255,2024
451222,166451,51.9444,2024
370117,326625,646.8568,2024
230281,666077,99.9286,2024
510522,753655,311.0292,2024
451225,325059,122.7718,2024
210682,578810,104.897,2024
451224,227584,93.7667,2024
210681,667501,314.1873,2024
621026,431514,162.37,2024
370112,1204496,925.3117,2024
510525,756345,237.5468,2024
210204,620032,15262.6552,2024
621025,190054,147.7467,2024
370113,613165,508.4521,2024
210203,391019,15202.8461,2024
451221,296828,75.2841,2024
370114,1131157,660.0981,2024
210202,451944,9646.3745,2024
621027,436820,124.8994,2024
370115,557891,506.1512,2024
510524,618441,209.0825,2024
340722,708588,480.9929,2024
451227,235822,119.3115,2024
451226,289215,63.5038,2024
451229,383577,138.0673,2024
451228,549537,134.9189,2024
420923,555262,918.4501,2024
420922,650281,329.6806,2024
420921,659057,553.2593,2024
450381,376983,214.3229,2024
330921,177539,630.0306,2024
330922,46058,904.3926,2024
152223,417907,37.6188,2024
370105,738250,2859.4805,2024
130435,454415,673.5223,2024
152222,267803,20.9879,2024
152221,296144,17.6709,2024
130433,325247,711.8507,2024
130434,870378,993.888,2024
370102,781310,7849.1239,2024
370103,769836,2703.2297,2024
370104,499347,3290.3613,2024
130431,290768,866.1257,2024
130432,283306,895.5651,2024
152224,290998,60.7347,2024
130430,248606,551.4845,2024
520330,555173,180.194,2024
360302,566034,2722.6157,2024
350981,587764,330.0274,2024
350982,522494,351.8841,2024
532329,289922,98.1894,2024
532328,230075,113.9776,2024
360783,319958,191.7551,2024
532327,115225,53.4474,2024
621002,403445,403.6256,2024
532326,289535,71.8618,2024
350502,384189,7562.8716,2024
360781,657660,270.3772,2024
532325,210563,123.796,2024
350503,576271,4899.6629,2024
231181,462611,64.3102,2024
532324,248883,109.8612,2024
350504,198720,532.362,2024
231182,340824,38.9543,2024
532323,215345,148.1788,2024
350505,316218,1074.809,2024
231183,530182,34.8254,2024
532322,166292,42.7602,2024
440523,55852,517.9288,2024
371426,466258,445.7914,2024
430723,889447,429.2404,2024
371425,641183,454.2501,2024
430722,842075,401.8894,2024
371428,391096,535.0383,2024
430725,902019,203.0795,2024
371427,533106,607.4583,2024
430724,426462,353.7444,2024
371422,467227,577.2028,2024
430726,634651,159.0894,2024
371424,542873,533.8565,2024
371423,311555,624.0355,2024
340705,413382,2895.1931,2024
430721,561359,515.2954,2024
420902,938303,913.4157,2024
440511,822746,7107.8231,2024
140212,134572,121.1122,2024
140213,932101,3826.0596,2024
140214,765115,1037.618,2024
140215,199264,134.8913,2024
130408,838364,1097.8219,2024
440515,838848,2317.1918,2024
440514,1388705,2303.2713,2024
440513,1694657,2588.3411,2024
440512,272093,1681.5957,2024
152201,374072,160.924,2024
211102,239650,2111.9244,2024
511802,377736,353.2266,2024
211104,443025,295.4103,2024
211103,514838,2052.4139,2024
341602,1512125,665.384,2024
511803,273759,444.8804,2024
152202,72181,9.7366,2024
140223,191926,159.7082,2024
440983,968398,314.4117,2024
140224,249628,91.373,2024
440982,1266451,537.164,2024
140225,364529,185.0131,2024
440981,1386077,424.0321,2024
140226,178937,137.7276,2024
440507,576676,4563.5301,2024
140221,274194,170.9491,2024
140222,233767,137.6167,2024
130424,402672,841.1921,2024
130425,817548,766.6898,2024
430703,845186,361.5323,2024
430702,712936,1726.3076,2024
130423,638792,843.2378,2024
231123,108440,6.3653,2024
371003,634035,407.8214,2024
231124,108713,25.1696,2024
130426,439175,295.2071,2024
130427,420088,620.6608,2024
371002,941663,961.5387,2024
371482,515235,520.6381,2024
371481,698235,598.6555,2024
441826,137902,110.8657,2024
441825,97786,80.3206,2024
441823,377792,113.5711,2024
441821,324307,250.4781,2024
511823,339998,153.2359,2024
511824,136555,51.0547,2024
511822,157405,88.7629,2024
511827,59940,19.2566,2024
511825,142166,59.4589,2024
511826,116014,97.175,2024
520302,820953,584.3215,2024
520303,604521,400.284,2024
520304,744665,298.366,2024
530103,861647,995.5924,2024
140681,345790,280.2522,2024
530102,899198,2386.8968,2024
530581,683965,120.2714,2024
130402,789965,1839.1886,2024
130403,771675,1946.8094,2024
510981,970956,646.3878,2024
510503,477834,413.9271,2024
130406,563464,1524.6999,2024
510504,370325,1114.8916,2024
130407,372844,741.027,2024
210224,45103,503.9369,2024
130404,359813,1415.7298,2024
510502,615288,942.2313,2024
130881,472861,144.0906,2024
370523,529963,463.986,2024
510113,382469,1004.7403,2024
510112,784296,1410.8869,2024
510115,480149,1748.4749,2024
510114,820324,1657.428,2024
321112,328077,536.2623,2024
510117,966838,2212.1669,2024
510116,1366213,1275.7807,2024
321111,303927,1980.3087,2024
370522,298041,252.3579,2024
510118,331751,1008.567,2024
441481,1023171,493.9925,2024
431202,646641,958.7025,2024
360704,576087,192.6747,2024
360724,273957,177.8005,2024
360725,198565,90.0047,2024
220881,463719,90.7419,2024
360722,704885,245.088,2024
230208,166071,80.0742,2024
360723,309512,225.7321,2024
230207,76268,253.336,2024
230206,279236,760.8605,2024
220882,456501,93.6021,2024
230205,91462,125.6052,2024
230204,403243,536.3967,2024
230203,359213,3240.5465,2024
220403,115075,639.0022,2024
230202,277686,2250.5263,2024
220402,414750,1632.8251,2024
370505,258665,137.7583,2024
350921,445202,297.1946,2024
350922,344630,144.915,2024
350923,145453,97.9825,2024
350924,187751,130.1538,2024
510121,768501,665.5893,2024
321102,646787,2009.5277,2024
510129,537825,420.2575,2024
210604,199245,298.3012,2024
650402,290667,21.2932,2024
210603,510238,1948.7484,2024
411603,1039810,778.431,2024
210602,236697,2498.4165,2024
411602,718007,2136.6787,2024
420528,412598,120.7739,2024
420527,389124,171.2519,2024
420526,181918,78.6481,2024
420525,196621,112.5334,2024
420529,198108,83.8841,2024
460106,614397,2048.709,2024
130828,446012,49.479,2024
460105,354491,719.4092,2024
320281,1695154,1713.4659,2024
130826,378587,43.3678,2024
320282,1315242,668.2286,2024
130827,264502,137.1324,2024
510131,256684,442.0029,2024
460108,653621,1274.1558,2024
341181,636612,363.9439,2024
460107,519293,557.1653,2024
341182,562624,239.5949,2024
370502,800192,726.4953,2024
370503,261408,134.2194,2024
410725,690716,527.6603,2024
410724,426660,905.5607,2024
370982,1401419,725.8073,2024
410727,787128,640.3226,2024
370983,1006236,787.006,2024
410726,413661,466.1316,2024
410721,395050,1025.6094,2024
450303,165497,3267.3227,2024
450302,175993,3984.9463,2024
450305,306022,4402.5493,2024
450304,294760,3270.4539,2024
360702,768493,1298.3002,2024
360703,754782,433.0776,2024
629800,5730,51.4945,2024
150428,252023,82.0354,2024
150429,582443,134.7643,2024
350902,439647,310.7884,2024
150430,584483,70.8298,2024
450312,472469,210.2098,2024
450311,86986,287.5039,2024
231102,223455,15.5806,2024
430321,1025619,479.3598,2024
420506,565494,165.2902,2024
440115,280059,386.1485,2024
420505,64368,539.2046,2024
440114,1007555,1041.4328,2024
420504,112246,209.7321,2024
440113,1876877,3654.5861,2024
420503,177096,2104.0075,2024
440112,903086,1871.9708,2024
440111,2336231,3491.565,2024
420982,606339,447.6363,2024
420981,628035,572.3878,2024
130804,68203,468.0836,2024
420502,575517,9390.7897,2024
440118,1107184,686.0329,2024
420984,1083225,654.9958,2024
440117,624707,315.0409,2024
450321,288493,201.3489,2024
511402,861414,646.9746,2024
450323,380221,165.0203,2024
410703,199195,3101.1781,2024
410702,492313,3185.28,2024
511403,305161,655.7745,2024
410704,158045,1356.5118,2024
150426,457999,38.55,2024
450329,156359,80.7946,2024
450328,164392,67.4002,2024
150424,212376,56.1712,2024
150425,225530,11.9327,2024
150422,348481,53.8208,2024
450325,349814,149.9153,2024
150423,186861,18.7219,2024
450324,671696,170.01,2024
450327,247883,135.2499,2024
150421,289923,21.9083,2024
450326,246742,88.2569,2024
440104,1311905,39104.5573,2024
440103,920309,14743.5615,2024
140621,255711,155.3567,2024
140622,349501,209.0933,2024
140623,118895,59.4473,2024
440106,1492633,11098.4644,2024
440105,1642059,17800.8168,2024
450332,265673,125.2275,2024
371403,601794,496.2928,2024
430304,311819,1531.7639,2024
130821,341815,93.9561,2024
130824,305854,101.6981,2024
130825,396247,72.5578,2024
450330,392655,206.805,2024
371402,714830,1353.5734,2024
130822,329636,104.8395,2024
430781,250686,449.7632,2024
410711,355581,3618.2454,2024
430302,635986,1416.4404,2024
441424,1122098,346.6713,2024
360735,296096,188.213,2024
441423,509360,188.0841,2024
441422,397520,162.5396,2024
360733,472569,174.8207,2024
360734,305518,129.9298,2024
360731,907236,313.8996,2024
360732,765031,237.8281,2024
360730,841939,208.0816,2024
230231,552654,153.5658,2024
441427,216997,226.3602,2024
230230,282244,135.4523,2024
441426,242066,175.8632,2024
350925,118525,113.9682,2024
511423,323293,170.1053,2024
350926,92077,171.2761,2024
511424,149669,334.8684,2024
511421,1320524,506.4914,2024
511425,177392,458.1452,2024
150404,609041,108.0192,2024
150402,457684,938.6498,2024
150403,408876,439.3359,2024
360728,183767,137.46,2024
360729,191638,124.4675,2024
360726,362438,154.0806,2024
230229,427103,134.0376,2024
220421,376915,149.3102,2024
230227,294470,73.5599,2024
140602,534980,301.5779,2024
140603,218139,93.5482,2024
220422,342202,155.8445,2024
230225,390003,81.2524,2024
230224,320048,81.4163,2024
230223,509169,138.4613,2024
230221,603682,102.4937,2024
451203,593732,153.7709,2024
510104,768380,12657.3281,2024
451202,351182,149.746,2024
530181,362132,277.5382,2024
510106,1247906,11614.8199,2024
130802,519877,793.2937,2024
510105,846458,12568.7177,2024
130803,158219,348.1934,2024
510108,1075958,9826.1174,2024
510107,1447939,11944.0187,2024
210624,432417,68.7489,2024
650422,125414,7.5815,2024
650421,245600,6.2104,2024
520381,254808,138.4536,2024
520382,578736,323.889,2024
330102,1072289,8944.1265,2024
330109,1351969,1316.3642,2024
445322,418827,214.2617,2024
330105,1090957,11100.9988,2024
513224,76657,9.1904,2024
330106,874386,2833.4668,2024
513223,111361,28.5794,2024
513222,49352,11.4178,2024
330108,333665,4612.0856,2024
513221,106870,26.1744,2024
320302,422148,4030.0777,2024
513228,64710,15.6218,2024
320303,302774,2549.7047,2024
513227,82423,14.8145,2024
513226,70111,13.0792,2024
513225,87490,16.5973,2024
445321,457581,300.7335,2024
410225,721842,657.3862,2024
150502,956691,272.523,2024
410222,599033,778.775,2024
410221,1025173,814.0948,2024
410223,941347,725.532,2024
150981,257856,95.6741,2024
320305,634837,841.5379,2024
230606,242860,104.0017,2024
230605,201314,316.4378,2024
230604,501296,421.7034,2024
230603,462815,1157.9145,2024
230602,333837,677.3407,2024
140702,672666,509.2017,2024
140703,318359,303.7552,2024
513231,76937,7.6076,2024
513230,41543,6.2525,2024
220802,572503,226.7491,2024
513233,46549,5.6082,2024
513232,79175,7.6637,2024
130902,230114,2867.3174,2024
330122,431740,236.3051,2024
445303,256470,217.5546,2024
211081,532074,454.3034,2024
445302,370234,469.7768,2024
330127,357691,81.059,2024
320324,1105715,625.9005,2024
341221,1660129,892.0966,2024
320322,1219738,922.6489,2024
320321,1023663,704.5798,2024
341225,1174523,650.85,2024
341222,1440384,772.7014,2024
410204,113314,1857.6941,2024
450703,613182,273.9892,2024
410203,215945,3031.3369,2024
450702,644691,272.0567,2024
341226,1262325,634.6531,2024
410205,152948,2483.3897,2024
410202,468226,1266.4184,2024
330112,600764,191.4559,2024
330113,539343,1892.2556,2024
330114,616694,1252.3381,2024
430281,1011769,469.6063,2024
330110,722694,767.6467,2024
330111,772567,424.0658,2024
320311,657703,6492.3426,2024
320312,1225345,631.7993,2024
350181,1271452,770.0781,2024
410212,742946,594.3285,2024
341282,612019,912.7636,2024
511002,532703,1380.0165,2024
620523,593905,375.4197,2024
620524,461146,231.5197,2024
431129,440615,134.1862,2024
620525,304317,242.9622,2024
370602,844425,5221.133,2024
620521,280419,141.2066,2024
620522,545722,340.3115,2024
431122,577243,261.2925,2024
431124,645262,262.641,2024
431123,172594,99.7519,2024
450721,1220897,343.5171,2024
431126,749625,300.2588,2024
431125,245867,149.1082,2024
431128,345050,345.1919,2024
450722,769110,304.4867,2024
431127,350716,195.1175,2024
610702,566837,1036.0987,2024
150929,187846,7.8157,2024
360802,359382,847.4688,2024
610703,496620,175.4167,2024
150928,158746,41.9287,2024
150927,158458,37.8478,2024
150926,142825,58.1512,2024
150925,196964,57.2672,2024
150924,233254,66.4103,2024
150923,251417,58.7807,2024
421321,833948,150.6603,2024
511011,800677,675.3732,2024
640122,231458,191.5518,2024
640121,233800,249.3855,2024
411528,844303,445.9311,2024
411527,596716,495.6246,2024
419001,717989,379.6702,2024
411524,533466,253.0783,2024
411523,296057,189.135,2024
411526,671829,411.3202,2024
411525,1075945,368.6159,2024
411522,619589,338.1992,2024
411521,531127,256.4015,2024
610730,31622,24.9361,2024
513201,62023,9.3623,2024
511024,640593,496.7778,2024
620502,679535,286.8693,2024
620503,596865,170.4378,2024
511025,1249325,719.2484,2024
620982,197615,7.3944,2024
620981,170410,12.7994,2024
150922,130897,51.6587,2024
150921,145895,47.0694,2024
431102,566732,285.0842,2024
431103,522973,430.4068,2024
331003,663166,670.4914,2024
610724,364493,112.8041,2024
331004,658854,2098.9875,2024
610725,410703,172.5299,2024
610722,504521,227.304,2024
610723,401884,125.6812,2024
230624,249714,41.2253,2024
230623,260009,74.3119,2024
150902,410328,1042.3152,2024
230622,414905,99.4269,2024
331002,697823,2137.8884,2024
230621,414294,169.4879,2024
220821,286617,61.035,2024
510182,787492,553.7591,2024
510181,700541,578.6129,2024
510184,680355,623.6321,2024
220822,374779,44.096,2024
510183,654163,475.9505,2024
610728,261770,76.6463,2024
510185,1129841,511.0137,2024
610729,45840,23.4836,2024
421303,658683,462.7819,2024
610726,329262,100.8652,2024
610727,214029,76.3768,2024
321204,739611,863.5604,2024
321202,660907,1740.4597,2024
321203,311971,953.6941,2024
640104,721338,1118.2758,2024
640106,295552,1096.2312,2024
640105,353488,400.5548,2024
411502,593718,329.723,2024
411503,714162,379.7793,2024
350111,883691,1601.4222,2024
350112,715149,1056.8187,2024
441803,741024,315.4553,2024
441802,863668,665.7879,2024
211021,612674,247.0964,2024
330502,796028,921.8235,2024
330503,584201,826.3432,2024
340311,237358,588.3256,2024
141182,429619,368.3702,2024
141181,499377,532.061,2024
320706,870048,1239.9744,2024
320707,1014817,724.7304,2024
320703,237394,301.1768,2024
653001,251193,16.2051,2024
654323,46405,1.4323,2024
654322,88068,2.7314,2024
654325,67942,4.305,2024
654324,87426,10.7355,2024
350121,707094,332.1118,2024
350122,557383,490.6423,2024
654326,35754,5.0111,2024
350123,208549,195.573,2024
350124,252508,169.1345,2024
350125,264792,118.8862,2024
532823,303374,44.4448,2024
532822,351648,65.6832,2024
350128,344755,1128.7338,2024
211011,148800,542.9125,2024
340322,582466,408.2378,2024
340323,570127,419.2884,2024
340321,983879,447.8089,2024
654321,72884,7.0262,2024
632523,104220,29.6846,2024
632522,67542,14.6118,2024
330521,524156,557.7438,2024
632521,132059,7.9456,2024
330522,677349,473.236,2024
632525,84131,12.6027,2024
632524,80895,6.6406,2024
330523,497312,265.4153,2024
211481,571254,279.9058,2024
445381,1012459,433.378,2024
211003,233432,778.2489,2024
211002,206869,8306.1079,2024
341621,1294020,614.4609,2024
211005,95862,289.9027,2024
211004,153340,1022.6625,2024
511902,730284,519.8796,2024
341623,1204745,601.3447,2024
511903,464156,401.3359,2024
341622,1137088,530.1191,2024
320724,668266,652.9642,2024
320722,1015156,495.24,2024
320723,878025,578.3186,2024
654301,174099,16.1096,2024
350581,655523,4111.6093,2024
350582,2110475,3162.6582,2024
350583,1501715,747.3314,2024
350102,707978,19722.4641,2024
350103,449593,25981.3375,2024
350104,813144,5600.3741,2024
350105,235061,974.6359,2024
340304,363687,1111.9038,2024
340302,275024,1859.0058,2024
340303,340540,3819.3876,2024
620121,483947,82.7457,2024
511083,666350,856.8146,2024
620122,84602,41.8957,2024
620123,467714,141.7934,2024
341202,800063,1287.2362,2024
341203,560363,819.3198,2024
341204,594794,911.2307,2024
540402,57833,6.7575,2024
411122,753977,939.695,2024
371082,709430,476.8176,2024
610304,646532,262.7324,2024
411121,576788,744.646,2024
610305,517010,419.2351,2024
610302,514854,610.0765,2024
610303,380940,1230.4643,2024
530602,804216,404.8376,2024
440904,1715106,782.7924,2024
440902,846925,1742.5365,2024
231081,140605,339.7829,2024
231083,423560,48.5593,2024
231084,474695,65.5649,2024
231085,312508,52.0534,2024
231086,211978,29.8508,2024
371083,601384,366.8477,2024
141126,115009,67.9759,2024
653024,55351,2.8874,2024
141125,342858,269.9011,2024
141128,152854,106.9808,2024
141127,185485,122.456,2024
431181,911790,358.8095,2024
141129,150141,104.3408,2024
141122,243583,133.4983,2024
141121,471937,440.626,2024
141124,615719,205.3364,2024
141123,293027,93.5457,2024
620105,327019,740.721,2024
540425,56777,1.8125,2024
620102,1358939,4424.786,2024
540426,16881,4.1144,2024
620103,599633,1523.4491,2024
620104,383403,1066.5958,2024
540421,31940,2.4657,2024
610331,53923,19.8359,2024
540422,24462,2.5737,2024
540423,296485,9.4018,2024
540424,35565,2.1228,2024
610330,111926,35.7949,2024
653022,210423,8.891,2024
653023,41249,3.6109,2024
610328,134361,134.7334,2024
610329,94908,55.6456,2024
530628,557093,198.9534,2024
610326,316857,369.5148,2024
530629,411003,292.0975,2024
610327,261145,114.4433,2024
530626,157032,207.3895,2024
610324,434791,615.8289,2024
530627,1410163,380.9641,2024
530624,317899,167.481,2024
530625,428768,153.0355,2024
610323,470157,552.9126,2024
530622,577050,178.378,2024
532801,550643,80.3762,2024
210181,697082,211.467,2024
530623,391193,194.567,2024
620111,137313,257.8049,2024
141130,128265,101.7955,2024
530621,413863,279.6304,2024
640181,256098,84.8679,2024
421381,807030,305.6383,2024
130481,881854,487.6718,2024
411102,376439,1635.4693,2024
411104,440734,1018.4379,2024
411103,562897,1249.0759,2024
420822,607435,281.5242,2024
370481,1693678,1137.8322,2024
220122,1023982,195.5723,2024
522622,279915,167.6925,2024
360203,345572,3084.4142,2024
522624,162602,159.1623,2024
350881,256566,86.8572,2024
522623,139180,90.9855,2024
522626,176593,118.6155,2024
360202,162599,519.3133,2024
522625,214983,113.8389,2024
522628,167484,104.0093,2024
522627,280656,129.0359,2024
360681,592942,238.5692,2024
522629,211093,96.5874,2024
350404,398103,344.8352,2024
350405,242349,134.6846,2024
231281,509662,140.9969,2024
231282,958122,221.2846,2024
231283,817081,176.0561,2024
451102,649182,179.1132,2024
371327,937421,540.6395,2024
210321,351923,252.6593,2024
430624,713126,460.9909,2024
130105,664812,7333.1288,2024
371326,952725,522.0788,2024
430623,744863,468.6196,2024
371329,651757,652.9747,2024
430626,1008411,245.2594,2024
451103,510283,280.9323,2024
371328,520451,324.4615,2024
130104,757819,11478.2156,2024
371323,1061619,440.337,2024
130109,830230,1022.7801,2024
371322,989541,838.4558,2024
371325,978721,589.7614,2024
210323,506980,112.7056,2024
130107,98910,1401.8821,2024
371324,1233206,719.714,2024
130108,763242,7166.9908,2024
130581,499477,579.387,2024
340602,339515,1461.9091,2024
130582,441425,532.267,2024
371321,872721,506.7481,2024
130102,712512,5042.8015,2024
340603,495960,3580.8943,2024
340604,329560,859.4526,2024
430621,775414,275.3192,2024
522631,409280,92.955,2024
420802,371230,225.0809,2024
522630,102367,94.7187,2024
522633,307597,94.18,2024
522632,305615,92.587,2024
220113,795253,235.6072,2024
522635,142797,148.72,2024
220112,400183,238.3314,2024
522634,124250,103.3502,2024
420804,301796,501.7245,2024
522636,131297,139.509,2024
330802,482021,794.0003,2024
330803,364211,208.4669,2024
371312,675153,809.8029,2024
511504,852802,331.8555,2024
371311,549978,965.2968,2024
511502,904771,606.4425,2024
511503,364270,515.9402,2024
210311,316754,932.1493,2024
430611,260419,430.1881,2024
220582,247173,73.9473,2024
654025,293147,39.7603,2024
220581,655146,300.0054,2024
654026,157451,15.1127,2024
440883,977614,1143.4174,2024
654027,151520,18.7778,2024
440882,1494433,415.6419,2024
654028,167397,16.2019,2024
220102,929785,1746.4861,2024
440881,1523249,545.3171,2024
220104,918258,2800.9043,2024
220103,702196,759.5407,2024
621121,366814,126.0156,2024
220106,843319,2968.7237,2024
220105,521111,1030.5862,2024
621123,344623,167.5885,2024
321084,793778,411.376,2024
621122,483650,200.8128,2024
440404,264843,506.0034,2024
440403,440991,717.4509,2024
321081,632341,701.3298,2024
440402,929840,1813.5034,2024
230382,431242,55.8292,2024
230381,336629,36.2139,2024
430602,851904,2097.2856,2024
451123,271306,179.5288,2024
210782,546413,322.5871,2024
210781,534097,209.0354,2024
430603,192993,503.9606,2024
621125,207395,95.7385,2024
210303,267821,2049.3044,2024
621124,538059,188.4918,2024
210302,530929,3897.3977,2024
451122,276319,184.505,2024
621126,477956,133.6197,2024
451121,368083,114.1652,2024
371302,1228780,1377.2806,2024
210304,528002,2851.8828,2024
610481,576816,1138.4473,2024
654021,400970,89.6693,2024
610482,343795,289.6092,2024
654022,200405,48.7617,2024
654023,184483,63.543,2024
654024,176969,43.0033,2024
441721,474389,333.1066,2024
350430,127032,73.5151,2024
330824,260568,116.3526,2024
330825,389608,340.7782,2024
130529,402926,633.8896,2024
330822,260863,238.903,2024
211223,308674,115.4988,2024
130534,410090,814.4023,2024
130535,362984,662.3315,2024
211221,377076,168.2206,2024
130532,317112,787.858,2024
130533,594162,586.7726,2024
511922,639695,189.4884,2024
511923,909209,407.8208,2024
511921,725789,177.0766,2024
211224,898158,209.0457,2024
130530,180570,492.3521,2024
130531,293491,588.1252,2024
411082,727732,1144.7138,2024
520402,821175,474.7317,2024
520403,316019,320.6629,2024
629900,3415,4.5399,2024
411081,1211714,824.3213,2024
530681,94350,216.1173,2024
510603,782661,1210.2899,2024
510604,230065,511.2113,2024
140311,336112,536.0784,2024
441704,471594,278.5232,2024
441702,701574,953.2775,2024
150121,338055,122.1357,2024
150122,214411,152.2358,2024
211204,106089,221.4714,2024
211202,360861,2093.2688,2024
150125,115554,24.6659,2024
150123,182157,53.0448,2024
150124,101361,36.1888,2024
140322,329976,131.0859,2024
520422,390095,360.8968,2024
520423,298990,174.6803,2024
522601,545308,346.6151,2024
520424,322585,220.4468,2024
520425,283765,126.0937,2024
350421,108802,62.902,2024
350423,143992,79.5475,2024
360222,316534,111.2023,2024
350424,290249,121.0409,2024
350425,331363,148.3851,2024
350426,374649,109.5207,2024
350428,157943,70.5974,2024
350429,116577,76.2076,2024
140321,411731,293.8143,2024
130523,280366,356.7459,2024
130524,203388,777.3181,2024
130522,220089,280.6698,2024
130528,808724,729.5844,2024
130525,532040,714.269,2024
510623,1263044,573.6732,2024
340621,1040768,522.7827,2024
371726,780857,747.8789,2024
371728,766202,583.1898,2024
370402,600652,1603.3735,2024
370403,541201,1068.1832,2024
150581,106756,182.7464,2024
370404,344271,543.5747,2024
370405,300914,566.133,2024
370883,1181089,732.7995,2024
410622,291823,507.0907,2024
410621,712674,747.2589,2024
150105,785251,770.4387,2024
370881,678885,833.4175,2024
150103,289313,1482.58,2024
150104,283430,1489.4691,2024
150102,737638,1119.5589,2024
360603,372477,401.1769,2024
140302,199165,12937.9551,2024
360602,228624,1667.1247,2024
140303,175526,15757.6796,2024
220521,262312,70.8318,2024
652701,188475,28.4733,2024
220524,387294,115.7202,2024
652702,12994,10.384,2024
220523,381396,167.565,2024
230321,287543,88.9184,2024
140781,429910,583.1491,2024
350802,702672,262.8068,2024
350803,385770,171.453,2024
371723,639901,645.6983,2024
371722,1121800,692.8457,2024
130502,611415,1719.0616,2024
371725,1103195,675.2371,2024
130983,583063,259.9491,2024
371724,940723,723.2621,2024
130984,860152,649.3667,2024
130505,353700,817.5621,2024
130506,342801,840.4269,2024
371721,1439249,734.3891,2024
231202,930852,337.7483,2024
130503,682679,360.5369,2024
650522,26086,1.3352,2024
650521,79883,2.1647,2024
430224,614952,244.9158,2024
130981,617737,612.8846,2024
430223,731226,274.5936,2024
130982,878697,843.3932,2024
210727,420787,169.8631,2024
210726,656525,262.7794,2024
430225,214154,106.4394,2024
420882,674367,191.6317,2024
420881,1094635,247.7094,2024
511102,666685,795.0701,2024
410603,245635,1779.5563,2024
321012,1067520,804.9792,2024
410602,137778,1072.4939,2024
430211,377169,1150.318,2024
210711,431540,610.4409,2024
430212,224905,213.4503,2024
230307,31850,76.3163,2024
230306,135945,772.2846,2024
230305,80876,198.0424,2024
230304,110237,220.4314,2024
230303,169483,309.2714,2024
230302,391039,2655.4327,2024
220502,365669,898.7935,2024
220503,173580,468.2795,2024
230781,318130,84.3216,2024
511111,215150,355.6231,2024
511112,330603,711.5287,2024
371703,607821,718.735,2024
511113,52496,87.1357,2024
371702,1439892,1003.0862,2024
231221,486875,210.1936,2024
321002,383308,1144.8437,2024
231222,453724,182.5742,2024
321003,1061663,1659.1057,2024
231223,502441,187.4705,2024
231224,408867,74.82,2024
231225,341496,148.8533,2024
650502,471966,6.0217,2024
410611,285112,832.3118,2024
231226,351118,81.396,2024
210703,423188,10516.8333,2024
430682,516686,300.8872,2024
210702,301585,4514.9934,2024
430681,751620,449.9729,2024
430202,375396,2496.1109,2024
430204,249747,1494.6534,2024
430203,305262,1399.943,2024
441324,327757,144.5374,2024
441323,936332,268.265,2024
441322,1108114,388.038,2024
130927,391738,492.0717,2024
130928,302002,509.6239,2024
130925,468711,579.003,2024
130926,356882,690.5814,2024
533301,195177,63.2017,2024
130929,616182,526.6579,2024
130930,212257,550.7594,2024
511523,450922,477.0278,2024
450202,151420,2010.894,2024
511526,404710,354.6505,2024
511527,352372,278.2324,2024
511524,342361,365.3229,2024
450681,152472,303.4426,2024
511525,435375,327.822,2024
140727,283200,331.5584,2024
140728,532205,424.6733,2024
511528,401063,290.3013,2024
140729,277424,229.7825,2024
511529,271283,180.9236,2024
450204,586568,1085.5357,2024
450203,502525,581.747,2024
450206,502262,283.7251,2024
450205,466355,1541.7241,2024
510682,437496,533.9748,2024
510683,508110,408.2756,2024
510681,648269,1176.632,2024
321023,802117,549.2693,2024
441303,793068,663.718,2024
441302,1687695,1133.9293,2024
441781,904680,224.1217,2024
130903,325695,2733.8563,2024
533325,223646,51.1783,2024
533324,40223,9.2049,2024
533323,104773,38.1966,2024
450222,375341,177.3533,2024
450224,304720,105.3136,2024
450223,362509,122.0051,2024
150525,424719,52.2206,2024
150526,299367,18.1541,2024
150523,429221,98.4943,2024
150524,179597,38.3215,2024
150521,550054,57.462,2024
450226,314835,130.969,2024
150522,396605,34.4824,2024
450225,418171,90.496,2024
140721,142782,83.9096,2024
140722,172239,84.6946,2024
140723,152041,69.0735,2024
140724,241948,124.9781,2024
652722,150519,14.4793,2024
140725,224304,106.1714,2024
652723,70685,11.9987,2024
350821,417671,134.0734,2024
370406,486128,475.6602,2024
350823,397659,139.2902,2024
350824,296329,111.6662,2024
350825,264127,102.5131,2024
130923,380871,527.1768,2024
130924,213626,249.4607,2024
130921,722694,472.6252,2024
130922,427431,432.8581,2024
410581,836676,400.1544,2024
445202,1005286,2975.3032,2024
445203,1023494,1444.2432,2024
341122,451362,303.5323,2024
620602,1074436,218.9604,2024
370921,811060,720.5248,2024
341125,824713,275.0554,2024
410108,284722,1288.159,2024
341126,688337,355.2669,2024
420381,458110,146.1974,2024
341124,406715,259.7541,2024
410105,1661264,6782.1563,2024
150624,158396,7.7802,2024
410104,685938,3190.5482,2024
150625,119544,6.3528,2024
150622,382367,50.5997,2024
410106,145288,2337.5499,2024
150623,71730,5.8731,2024
150621,338891,41.1348,2024
410103,789765,5126.4318,2024
410102,973592,4935.4301,2024
230726,124138,41.6885,2024
230725,88886,24.1456,2024
430181,1355002,272.7302,2024
230724,105534,34.8754,2024
230723,54493,26.3668,2024
140821,609175,448.4503,2024
230722,72702,10.7152,2024
140822,465354,430.7076,2024
430182,1246856,428.3641,2024
140823,429008,366.9945,2024
140824,369139,535.9314,2024
512021,1201279,447.7697,2024
340281,1172218,579.9368,2024
370902,802492,2367.9797,2024
512022,580619,408.7762,2024
370911,1036556,591.9982,2024
640202,306015,321.8234,2024
640205,197416,184.5869,2024
230719,77011,25.861,2024
230718,78029,32.1706,2024
230717,202287,72.8052,2024
330482,709358,1265.9896,2024
330483,866135,1184.7496,2024
511181,479758,406.0986,2024
431021,742235,250.9093,2024
131082,695097,1097.5124,2024
131081,666608,835.1742,2024
361181,312600,150.3542,2024
320685,924819,793.1908,2024
540502,63512,29.0197,2024
341103,327866,282.4856,2024
320681,1027788,673.9674,2024
320682,1348384,857.6308,2024
341102,271432,1119.1376,2024
150602,622167,289.2302,2024
431023,613696,309.1482,2024
150603,50024,134.1322,2024
431022,616501,287.3576,2024
431025,363317,259.5546,2024
330481,858744,991.0629,2024
431024,311716,445.7059,2024
431027,240815,166.6356,2024
431026,349687,143.9611,2024
320205,724476,1813.0604,2024
320206,736609,2255.225,2024
431028,404494,277.1954,2024
610802,671750,98.7309,2024
140802,724186,599.0242,2024
530702,211148,167.3558,2024
421224,383270,159.6841,2024
421223,435695,221.2346,2024
421222,404917,365.113,2024
421221,338032,328.2182,2024
610803,307409,71.5937,2024
411425,1010502,652.1573,2024
411424,824495,790.5503,2024
411426,985536,660.5588,2024
411421,752424,607.9237,2024
411423,553323,694.4946,2024
411422,758451,825.5709,2024
632622,28883,4.5031,2024
632621,54389,4.0418,2024
632626,12068,0.493,2024
610830,139154,73.587,2024
632625,27647,3.3328,2024
610831,184550,91.2076,2024
632624,33429,2.3044,2024
632623,36433,5.1132,2024
460400,968783,293.2777,2024
513301,138783,11.9706,2024
511123,463274,337.2452,2024
511126,367913,496.5091,2024
511124,300314,357.2469,2024
511129,231787,164.4113,2024
441284,587652,464.4026,2024
450603,365216,153.804,2024
431003,530297,395.3994,2024
431002,344638,422.5632,2024
450602,143862,458.1547,2024
610824,379181,76.1692,2024
610822,292774,91.2444,2024
421202,544454,362.8185,2024
610829,84680,197.1171,2024
511133,188112,82.2281,2024
610827,165209,141.1088,2024
610828,214995,106.8145,2024
610825,338952,49.6295,2024
511132,148108,62.2299,2024
610826,320908,172.8426,2024
320214,633825,2914.6968,2024
320213,984808,13654.6761,2024
110118,496419,225.5142,2024
320211,683004,1088.9493,2024
110119,340177,169.167,2024
110116,396333,186.5901,2024
110117,441625,467.6705,2024
411403,898912,938.9295,2024
110114,1773150,1318.5653,2024
411402,752541,1066.7982,2024
110115,1416572,1367.0772,2024
110112,1297552,1411.4063,2024
110113,941538,928.7587,2024
110111,1002554,501.0764,2024
420322,478591,135.8247,2024
230751,98114,42.0146,2024
513323,63201,14.0217,2024
420325,413898,80.7988,2024
513322,88167,40.7367,2024
420324,330808,100.7194,2024
420323,447598,124.0064,2024
620622,409923,81.3057,2024
513327,49492,11.0547,2024
620623,184866,28.1642,2024
513326,58992,8.3997,2024
513325,52774,6.9737,2024
513324,65482,9.6738,2024
410527,738061,649.8864,2024
410526,1349664,757.8678,2024
513329,54063,5.8448,2024
620621,256999,16.2175,2024
513328,72489,10.5585,2024
410523,452424,713.5625,2024
410522,706551,661.3341,2024
450621,217419,77.2482,2024
513330,86367,7.5535,2024
370923,785148,585.4921,2024
513334,73621,5.2568,2024
512002,986493,604.2295,2024
513333,62384,7.1213,2024
513332,84727,3.7846,2024
513331,59033,5.7433,2024
513338,27896,9.6159,2024
640221,270242,131.5197,2024
513337,32887,4.6543,2024
513336,35290,7.1376,2024
513335,51157,6.6792,2024
430121,927237,527.5636,2024
410185,708908,581.2578,2024
653123,280245,81.7625,2024
410184,807716,913.925,2024
653124,231837,233.8842,2024
653125,811969,90.7388,2024
361129,383219,332.5366,2024
653126,469253,16.4162,2024
410181,852522,819.7905,2024
361128,1372023,332.9696,2024
653127,276925,25.4201,2024
361127,943700,400.8455,2024
653128,156825,50.6435,2024
410183,846183,850.2124,2024
361126,384071,243.8735,2024
653129,403997,61.8802,2024
410182,653284,693.7646,2024
361125,191758,292.6221,2024
361124,450070,206.6973,2024
361123,608012,350.4063,2024
532932,268642,113.5856,2024
532931,181544,81.254,2024
532930,248754,98.408,2024
445281,2186370,1348.6988,2024
131028,124659,713.7734,2024
620200,246198,201.1342,2024
341522,1350128,413.194,2024
131022,453098,643.2673,2024
341525,335752,164.4183,2024
341524,545755,139.0089,2024
341523,795292,376.5333,2024
131026,528331,512.8591,2024
131025,505339,564.5457,2024
131024,357540,823.0928,2024
653121,164498,60.6801,2024
131023,376695,495.1185,2024
653122,316463,150.5644,2024
350481,369406,126.1437,2024
130181,658202,690.8721,2024
440825,729624,385.4053,2024
440823,931102,458.2095,2024
361130,354348,119.5111,2024
210283,902477,230.0494,2024
360281,861284,434.3968,2024
210281,957945,257.5836,2024
340202,557137,4825.1039,2024
130183,568503,945.4548,2024
130184,522839,994.1812,2024
340209,486386,968.6512,2024
340207,538735,615.1456,2024
653101,702997,701.3712,2024
361104,739573,332.4392,2024
330881,500007,248.5874,2024
361103,792598,584.6739,2024
361102,450008,1413.8418,2024
330402,654020,1489.2509,2024
440811,510743,624.3401,2024
110109,311554,214.8302,2024
211122,287422,156.6632,2024
110107,643665,7743.0462,2024
110108,3434147,7988.3762,2024
110105,3767169,8117.0527,2024
110106,2299841,7495.5015,2024
540102,295327,570.1741,2024
341504,125799,221.8898,2024
540103,56570,21.2025,2024
341503,1027576,539.3358,2024
110101,1019941,24488.4583,2024
540104,28289,20.7745,2024
341502,722011,432.6361,2024
110102,1268334,25293.9209,2024
131003,522350,1369.5719,2024
131002,394602,690.1277,2024
610403,222553,1640.548,2024
610404,457077,1697.5809,2024
610402,532456,2062.7143,2024
520502,1211402,355.3408,2024
530303,469864,166.875,2024
451082,462857,188.8558,2024
440804,338405,653.3227,2024
530304,199274,124.7317,2024
440803,529418,5088.267,2024
440802,292459,4664.2086,2024
530302,783442,507.5399,2024
451081,529271,158.8657,2024
510705,325842,276.1275,2024
610881,487748,64.7962,2024
510703,912730,1652.7556,2024
510704,528118,518.5008,2024
411025,718418,786.87,2024
411024,588837,676.2972,2024
431081,354407,129.9262,2024
330421,594831,1200.1388,2024
632224,43578,4.5172,2024
632223,40000,8.9957,2024
330424,452832,711.928,2024
540528,24886,5.6621,2024
540529,52737,5.2728,2024
540524,18121,17.6686,2024
540525,15152,7.3302,2024
540526,14464,3.4636,2024
540527,19934,4.1283,2024
610430,204743,207.8609,2024
130130,535542,1069.5754,2024
540521,37629,17.5128,2024
610431,442514,1127.055,2024
130131,457975,173.4935,2024
540522,48517,20.3592,2024
540523,18155,6.8964,2024
632222,49566,3.5665,2024
632221,156626,24.5949,2024
320623,1049235,499.1383,2024
130132,447627,664.6591,2024
130133,603563,895.916,2024
654003,170257,187.4584,2024
610428,180419,318.6356,2024
654004,32210,17.0079,2024
330411,644316,1150.9782,2024
610425,466283,461.8787,2024
610426,197096,222.5839,2024
610423,507629,653.8687,2024
610424,562405,561.8433,2024
411481,1293264,640.5827,2024
530723,177845,82.6907,2024
532901,728695,419.7519,2024
530724,277128,45.8538,2024
610422,369648,642.1814,2024
530721,241987,39.0135,2024
530722,416754,84.5723,2024
610429,278443,153.3024,2024
421281,510933,298.8333,2024
621102,447155,122.6685,2024
411003,821954,820.8803,2024
320614,962907,852.4475,2024
411002,466981,5155.1098,2024
320612,1209683,854.3331,2024
320613,1209552,2092.207,2024
654002,517676,809.357,2024
445224,1152746,923.2548,2024
340212,272540,465.2894,2024
445222,872360,647.1981,2024
340210,314670,483.6869,2024
410122,758555,545.7493,2024
130110,453319,735.5829,2024
130111,393151,1119.7574,2024
532929,212683,48.6187,2024
532928,185852,66.6174,2024
532927,323351,148.2399,2024
532926,223630,128.8035,2024
532925,333305,217.9713,2024
532924,368471,145.4646,2024
532923,486465,200.2351,2024
532922,108516,58.301,2024
130127,193734,868.655,2024
130128,268529,902.1428,2024
130125,434812,451.6292,2024
130126,356999,337.1937,2024
340223,430871,342.5177,2024
130129,261893,310.4785,2024
540531,37007,4.6411,2024
130123,499603,1048.1565,2024
653130,354804,19.3185,2024
653131,40389,1.7042,2024
130121,331211,240.8838,2024
540530,828171,23.6434,2024
