FID,文保级,景点介绍（80–150字）,推荐游览时长,标签,编写依据
0,,姜嫄水乡依漆水河展开，是武功古镇重要的休闲水岸空间，兼具滨水游憩、民俗展示与夜游氛围。游客可沿亲水平台观景、拍照，也可结合周边古镇文化节点形成半日游线路，适合慢节奏体验关中水乡风貌。,1.5–2小时,"亲子,摄影,休闲游,民俗体验",原表POI字段；姜嫄水乡资料：https://m.baike.com/wikiid/1889512671769171938；综合资料：https://www.sohu.com/a/549815335_100185418
1,,姜嫄阁位于新区道路交汇附近，可作为认识姜嫄文化和武功农耕源流的观景节点。建筑形象具有地方纪念性，适合短暂停留、远眺周边水乡与古镇风貌，并串联姜嫄水乡游线，是讲述周祖母题材的合适开篇。,30–45分钟,"研学,摄影,文化打卡,亲子",原表POI字段；公开资料综合：https://sx.sina.cn/news/xian/2024-03-27/detail-inaptkks3022801.d.html；https://www.sohu.com/a/549815335_100185418
2,,乡愁民俗文化体验展馆靠近姜嫄水乡片区，适合集中了解关中乡土生活、传统器具与地方记忆。展馆内容可与古镇游览、农耕文化讲解结合，增强游客对武功民俗、乡村变迁和非遗体验的直观感知。,45–60分钟,"研学,亲子,民俗体验,乡村记忆",原表POI字段；公开资料综合：https://www.sohu.com/a/549815335_100185418
3,,皇家尚林苑水乡花海以花卉景观和水乡环境为主要吸引物，适合春夏季赏花、拍照和亲子慢游。可与姜嫄水乡、湿地公园共同组成生态休闲线路，突出田园观光、户外游憩和季节性打卡体验。,1–1.5小时,"摄影,亲子,休闲游,花海观光",原表POI字段；公开资料综合：https://www.sohu.com/a/549815335_100185418
4,,玉隍庙位于武功镇新区片区，是一处具有传统信仰色彩的寺庙道观类景点。建筑体量不大，适合作为古镇文化游线中的短暂停留点，感受地方庙宇空间、香火民俗与乡土信仰氛围。适合顺路参观。,20–30分钟,"民俗体验,摄影,文化游,祈福",原表POI字段；公开资料综合：https://www.sohu.com/a/549815335_100185418
5, 县级,二水村遗址为县级文保点，体现武功地区古代聚落和历史遗存价值。游览以遗址认知、文化解说和现场踏勘为主，适合结合古镇历史、农耕文明、考古保护和乡土记忆主题开展研学活动。,30–45分钟,"研学,历史遗址,文化游,摄影",原表POI字段；公开资料综合：https://www.sohu.com/a/549815335_100185418
6,,漆水河湿地公园依托漆水河生态廊道建设，是武功古镇片区重要的自然休闲空间。适合散步观景、亲水摄影和生态科普，也可与姜嫄水乡、漆沮湖等节点形成连续滨水游线，适合家庭慢游。,1–2小时,"亲子,摄影,生态科普,休闲游",原表POI字段；公开资料综合：https://www.sohu.com/a/549815335_100185418
7,省级,苏武墓位于武功镇龙门村苏武陵园，是纪念汉代名臣苏武的重要历史文化节点。景点适合开展忠节文化、汉代历史与乡土名人主题讲解，可与苏武纪念馆联动形成研学参观线路，突出爱国教育价值。,30–45分钟,"研学,历史文化,爱国教育,摄影",原表POI字段；公开资料综合：https://sx.sina.cn/news/xian/2024-03-27/detail-inaptkks3022801.d.html；https://www.sohu.com/a/549815335_100185418
8,,苏武纪念馆围绕苏武事迹与地方历史展开展示，是武功古镇历史文化游的重要室内节点。参观可帮助游客系统理解苏武牧羊、忠贞守节等文化内涵，适合学校研学、团队讲解和雨天备用游览。,45–60分钟,"研学,亲子,爱国教育,历史文化",原表POI字段；公开资料综合：https://sx.sina.cn/news/xian/2024-03-27/detail-inaptkks3022801.d.html；https://www.sohu.com/a/549815335_100185418
9,,圣母庙位于稷山上阁寺内，承载着姜嫄圣母信仰与地方祈福传统。景点适合与姜嫄圣母墓、后稷文化相关节点一并游览，从民间信仰角度认识武功农耕文化、周人传说和乡土祭祀习俗。,20–30分钟,"民俗体验,研学,祈福,文化游",原表POI字段；公开资料综合：https://sx.sina.cn/news/xian/2024-03-27/detail-inaptkks3022801.d.html；https://www.sohu.com/a/549815335_100185418
10,,太白庙位于武功镇香山顶太白城旁，是古镇周边山地庙宇类节点。游览以登高、访古和感受传统庙宇氛围为主，适合与香山寺、清凉寺等形成小尺度宗教文化游线，兼具眺望与静心体验。,30–45分钟,"摄影,祈福,文化游,登高",原表POI字段；公开资料综合：https://sx.sina.cn/news/xian/2024-03-27/detail-inaptkks3022801.d.html；https://www.sohu.com/a/549815335_100185418
11,,清凉寺位于康家山一带，是武功镇传统寺庙道观类景点。这里适合短线访古、静心停留和了解地方佛寺空间格局，也可结合周边山体与古镇景点安排半日文化游，强化静态休闲体验。,30–45分钟,"祈福,文化游,摄影,静心休闲",原表POI字段；公开资料综合：https://sx.sina.cn/news/xian/2024-03-27/detail-inaptkks3022801.d.html；https://www.sohu.com/a/549815335_100185418
12,,睡佛殿位于新区四路与宣化路附近，是以佛教造像和礼佛空间为特色的文化节点。景点规模适中，适合在古镇或水乡游览过程中顺路停留，体验宁静的宗教文化氛围，并补充寺庙游览内容。,20–30分钟,"祈福,文化游,摄影,亲子",原表POI字段；公开资料综合：https://www.sohu.com/a/549815335_100185418
13,,香山寺位于武功镇人民政府附近，是古镇片区较易到达的寺庙类景点。游览以观赏传统庙宇建筑、了解地方信仰和静态休闲为主，适合与小华山、清凉寺等节点串联，形成轻量访古线路。,30–45分钟,"祈福,摄影,文化游,休闲游",原表POI字段；公开资料综合：https://sx.sina.cn/news/xian/2024-03-27/detail-inaptkks3022801.d.html；https://www.sohu.com/a/549815335_100185418
14, 国家级,报本寺塔为国家级文保点，是武功古镇最具辨识度的古建筑地标之一。塔体承载佛教文化和古镇历史记忆，适合重点拍照、文物讲解和古建筑研学，是古镇游线的核心节点和视觉焦点。,30–45分钟,"研学,摄影,古建,历史文化",原表POI字段；公开资料综合：https://sx.sina.cn/news/xian/2024-03-27/detail-inaptkks3022801.d.html；https://www.sohu.com/a/549815335_100185418
15,,玉皇堂位于积山村，是一处具有地方庙宇特征的传统信仰空间。游客可在此了解玉皇信仰、乡村祭祀与村落公共生活，适合作为乡村文化考察和古镇外围游线的补充节点，停留轻松。,20–30分钟,"民俗体验,祈福,乡村游,摄影",原表POI字段；公开资料综合：https://www.sohu.com/a/549815335_100185418
16,,财神楼位于马道巷西口，具有鲜明的民间信仰和街巷节点属性。景点适合短暂停留、拍摄古镇街巷风貌，并结合商贸文化、民俗祈福主题进行讲解，增强古镇游览的生活气息和烟火感。,15–25分钟,"民俗体验,摄影,祈福,街巷游",原表POI字段；公开资料综合：https://www.sohu.com/a/549815335_100185418
17,,盛世阁位于后稷广场，是展示古镇公共空间形象的观景与打卡节点。游客可在广场活动中停留休憩，拍摄阁楼与周边景观，也适合结合后稷文化广场开展夜游、集会和城市形象展示。,20–30分钟,"摄影,亲子,休闲游,夜游",原表POI字段；公开资料综合：https://www.sohu.com/a/549815335_100185418
18, 国家级,城隍庙为国家级文保点，是武功古镇重要的传统礼制与民间信仰空间。其位置处于东街片区，适合重点了解古镇历史、城隍文化和古建筑保护价值，是文化游与研学游核心节点。文化层次丰富。,30–45分钟,"研学,古建,民俗体验,祈福",原表POI字段；公开资料综合：https://sx.sina.cn/news/xian/2024-03-27/detail-inaptkks3022801.d.html；https://www.sohu.com/a/549815335_100185418
19,,后稷文化广场围绕后稷教民稼穑主题展开，是武功农耕文化展示和公共活动的重要空间。这里适合团队集合、主题讲解、亲子互动与夜间休闲，可作为古镇游线的起承转合节点。主题识别清晰。,30–60分钟,"亲子,研学,农耕文化,休闲游",原表POI字段；公开资料综合：https://sx.sina.cn/news/xian/2024-03-27/detail-inaptkks3022801.d.html；https://www.sohu.com/a/549815335_100185418
20,,美阳里位于武功古镇东街一带，是展示古镇街巷生活、传统商业和地方文化的综合节点。适合慢行游览、拍摄街区风貌，并结合美阳关、美阳城等内容讲述武功古城历史格局与市井记忆。,30–60分钟,"摄影,街巷游,民俗体验,文化游",原表POI字段；公开资料综合：https://sx.sina.cn/news/xian/2024-03-27/detail-inaptkks3022801.d.html；https://www.sohu.com/a/549815335_100185418
21, 省级,教稼圣地是武功农耕文明叙事中的核心节点，突出后稷教民稼穑与农业起源主题。景点适合开展农耕文化研学、历史讲解和亲子教育，可与后稷文化广场、古镇街区联合游览，主题鲜明。,45–60分钟,"研学,亲子,农事体验,农耕文化",原表POI字段；公开资料综合：https://sx.sina.cn/news/xian/2024-03-27/detail-inaptkks3022801.d.html；https://www.sohu.com/a/549815335_100185418
22,,武功古镇集古街巷、文保建筑、农耕文化和滨水休闲于一体，是区域文旅游览的核心载体。游客可步行串联报本寺塔、城隍庙、苏武纪念馆、姜嫄水乡等节点，适合半日到一日深度游。,3–5小时,"研学,摄影,亲子,古镇游",原表POI字段；公开资料综合：https://sx.sina.cn/news/xian/2024-03-27/detail-inaptkks3022801.d.html；https://www.sohu.com/a/549815335_100185418
23,,美阳关美阳城位于美阳里附近，是理解武功古城门户、关隘意象和历史空间格局的景点。适合结合古镇东街慢行游览，通过城门、街巷和展示场景感受古城防御、商旅往来与城市记忆。,30–45分钟,"研学,摄影,历史文化,街巷游",原表POI字段；公开资料综合：https://sx.sina.cn/news/xian/2024-03-27/detail-inaptkks3022801.d.html；https://www.sohu.com/a/549815335_100185418
24,,漆沮湖·立心岛位于漆沮湖水域内，是以湖岛景观和滨水休闲为特色的生态游憩节点。适合观景、拍照、亲子散步和轻度休闲，可与漆沮湖、湿地公园共同形成水岸慢游线路。视野开阔。,45–60分钟,"亲子,摄影,生态休闲,湖岸游",原表POI字段；公开资料综合：https://www.sohu.com/a/549815335_100185418
25,,漆沮湖依托武功镇水系景观形成，是展示漆水河、沮水河滨水风貌的重要节点。游客可沿湖岸散步、观景和拍摄水面景观，也适合结合湿地公园开展生态科普、亲子休闲与水岸慢游。,1–1.5小时,"亲子,摄影,生态科普,休闲游",原表POI字段；公开资料综合：https://www.sohu.com/a/549815335_100185418
26,,观澜门位于武功镇东街东口，是古镇入口和街区形象展示节点。这里适合作为游线起点或终点，便于拍摄古镇门楼、导入美阳里和东街游览，并承接城门文化与滨水景观意象。适合快速打卡。,15–25分钟,"摄影,古镇游,街巷游,文化打卡",原表POI字段；公开资料综合：https://www.sohu.com/a/549815335_100185418
27,,菩萨庙位于南关正街附近，是武功镇传统宗教和民间祈福空间之一。景点适合短暂停留、了解地方香火习俗与庙宇建筑形式，也可与老君殿、小华山庙等南关节点串联，形成顺路游览。,20–30分钟,"祈福,民俗体验,文化游,摄影",原表POI字段；公开资料综合：https://www.sohu.com/a/549815335_100185418
28,,武功河滩古会遗址记录了当地传统集会、商贸往来和民俗活动的历史场景。游览以遗址认知和地方社会生活讲解为主，适合与弘荣广场、周边街区共同组织民俗研学线路，强调场所记忆。,30–45分钟,"研学,民俗体验,历史遗址,乡村游",原表POI字段；公开资料综合：https://www.sohu.com/a/549815335_100185418
29,,弘荣广场位于新区道路交汇附近，是周边游线中的公共活动与休憩节点。场地适合团队集合、节庆活动、亲子停留和拍照打卡，可作为河滩古会遗址及周边景点的配套空间和服务节点。,20–40分钟,"亲子,休闲游,摄影,活动集散",原表POI字段；公开资料综合：https://www.sohu.com/a/549815335_100185418
30,,弘荣赓盛位于河滩路与227县道附近，适合作为古镇外围文化展示和休闲停留节点。游客可结合周边广场、河滩古会遗址游览，理解当地公共空间更新与传统文脉延续，适合短线打卡。,20–30分钟,"文化游,摄影,休闲游,民俗体验",原表POI字段；公开资料综合：https://www.sohu.com/a/549815335_100185418
31,,集贤门位于武功镇南街口，是古镇南向入口和街巷游线的重要标识。适合作为游客进入南街、南关片区的打卡点，结合古镇门楼、街巷肌理和历史人文进行简短讲解，停留效率高。空间导向明确。,15–25分钟,"摄影,古镇游,街巷游,文化打卡",原表POI字段；公开资料综合：https://www.sohu.com/a/549815335_100185418
32, 省级,姜嫄圣母墓为省级文保点，是武功姜嫄文化和周族始祖传说的重要纪念地。景点适合开展历史传说、农耕文明源流和地方信仰主题研学，可与圣母庙、教稼圣地联动游览，文化指向明确。,30–45分钟,"研学,历史文化,民俗体验,摄影",原表POI字段；武功文旅资料：https://sx.sina.cn/news/xian/2024-03-27/detail-inaptkks3022801.d.html
33,,玉皇楼位于临杨路与104省道附近，是南关片区具有传统信仰和街巷标识意义的建筑节点。游客可短暂停留拍照，结合玉皇信仰、古镇街口空间和周边庙宇形成小尺度游线，适合顺路参观。,15–25分钟,"摄影,祈福,文化打卡,街巷游",原表POI字段；公开资料综合：https://www.sohu.com/a/549815335_100185418
34,,魁星楼位于玉皇楼附近，具有崇文重教和传统楼阁文化意味。景点适合与周边庙宇、街巷节点一起游览，讲述科举文化、地方教育记忆和古镇南关片区的空间特色，适合短暂停留。文化寓意鲜明。,15–25分钟,"研学,摄影,文化打卡,古建",原表POI字段；公开资料综合：https://www.sohu.com/a/549815335_100185418
35,,老君殿位于南关正街与104省道附近，是道教文化和地方民间信仰的重要节点。游览以祈福、访古和了解传统庙宇空间为主，适合与小华山庙、菩萨庙组成南关宗教文化线路。氛围安静。,20–30分钟,"祈福,民俗体验,文化游,摄影",原表POI字段；公开资料综合：https://www.sohu.com/a/549815335_100185418
36, 省级,关帝庙为省级文保点，承载关公信仰、忠义文化和传统建筑艺术价值。景点适合开展民俗文化、古建筑和地方历史讲解，也可与南关片区其他庙宇共同形成祈福游线，文化辨识度较高。,30–45分钟,"研学,祈福,古建,民俗体验",原表POI字段；武功文旅资料：https://sx.sina.cn/news/xian/2024-03-27/detail-inaptkks3022801.d.html
37, 县级,小华山庙为县级文保点，位于南关正街附近，是小华山文化景观中的重要庙宇节点。这里适合登高访古、拍摄庙宇与山地景观，并结合张载讲学传说和地方信仰开展研学，游览节奏轻松。,30–45分钟,"研学,摄影,祈福,登高",原表POI字段；武功文旅资料：https://sx.sina.cn/news/xian/2024-03-27/detail-inaptkks3022801.d.html
